IdUprawa;IdPodKategoria;NazwaUprawa;NazwaLacinskaUprawa;NazwaSynonimyUprawa;OpisUprawa;UwagaUprawa;ProduktRolny;UprawaMiododajna;UprawaEkologiczna;UprawaEnergetyczna;UprawaOgrodnicza;DostawyBezposrednie;RolniczyHandelDetaliczny;DzialSpecjalny;OkrywaZimowa;Warzywo;WarzywoOwocKwiatZiolo;IdStatus;Status;DataDodania;DodanyPrzez;DataModyfikacji;ZmodyfikowanyPrzez;DataUsuniecia;UsunietyPrzez
01.11.11.0;01.11.11;Pszenica durum;NazwaLacinskaUprawa Pszenica durum;NazwaSynonimyUprawa Pszenica durum;OpisUprawa Pszenica durum;UwagiUprawa Pszenica durum;True;True;"False";True;True;True;True;True;True;"False";True;Z;Zmodyfikowany;2025-03-25 19:09:19;Darek Osuch;2025-04-13 00:55:40;Darek Osuch;;
01.11.12.0;01.11.12;Pozostała pszenica;NazwaLacinskaUprawa Pozostała pszenica;NazwaSynonimyUprawa Pozostała pszenica;OpisUprawa Pozostała pszenica;UwagiUprawa Pozostała pszenica;True;True;True;True;True;True;"False";True;True;True;True;Z;Zmodyfikowany;2025-03-25 19:09:38;Darek Osuch;2025-03-25 19:09:38;Darek Osuch;;
01.11.20.0;01.11.20;Kukurydza (z wyłączeniem kukurydzy cukrowej i pastewnej);NazwaLacinskaUprawa Kukurydza (z wyłączeniem kukurydzy cukrowej i pastewnej);NazwaSynonimyUprawa Kukurydza (z wyłączeniem kukurydzy cukrowej i pastewnej);OpisUprawa Kukurydza (z wyłączeniem kukurydzy cukrowej i pastewnej);UwagiUprawa Kukurydza (z wyłączeniem kukurydzy cukrowej i pastewnej);True;True;True;True;True;"False";True;True;True;True;"False";Z;Zmodyfikowany;2025-03-25 19:09:38;Darek Osuch;2025-03-25 19:09:38;Darek Osuch;;
01.11.31.0;01.11.31;Jęczmień;NazwaLacinskaUprawa Jęczmień;NazwaSynonimyUprawa Jęczmień;OpisUprawa Jęczmień;UwagiUprawa Jęczmień;True;True;True;True;True;True;True;True;True;True;True;Z;Zmodyfikowany;2025-03-25 19:09:38;Darek Osuch;2025-03-25 19:09:38;Darek Osuch;;
01.11.32.0;01.11.32;Żyto;NazwaLacinskaUprawa Żyto;NazwaSynonimyUprawa Żyto;OpisUprawa Żyto;UwagiUprawa Żyto;True;True;True;True;True;True;True;True;True;True;True;Z;Zmodyfikowany;2025-03-25 19:09:38;Darek Osuch;2025-03-25 19:09:38;Darek Osuch;;
01.11.33.0;01.11.33;Owies;NazwaLacinskaUprawa Owies;NazwaSynonimyUprawa Owies;OpisUprawa Owies;UwagiUprawa Owies;"False";True;True;True;True;True;True;True;True;True;True;Z;Zmodyfikowany;2025-03-25 19:09:38;Darek Osuch;2025-03-25 19:09:38;Darek Osuch;;
01.11.41.0;01.11.41;Sorgo;NazwaLacinskaUprawa Sorgo;NazwaSynonimyUprawa Sorgo;OpisUprawa Sorgo;UwagiUprawa Sorgo;"False";True;True;True;True;True;True;True;"False";True;True;Z;Zmodyfikowany;2025-03-25 19:09:38;Darek Osuch;2025-03-25 19:09:38;Darek Osuch;;
01.11.42.0;01.11.42;Proso;NazwaLacinskaUprawa Proso;NazwaSynonimyUprawa Proso;OpisUprawa Proso;UwagiUprawa Proso;True;True;True;True;True;"False";True;True;True;True;True;Z;Zmodyfikowany;2025-03-25 19:09:38;Darek Osuch;2025-03-25 19:09:38;Darek Osuch;;
01.11.43.0;01.11.43;Pszenżyto;NazwaLacinskaUprawa Pszenżyto;NazwaSynonimyUprawa Pszenżyto;OpisUprawa Pszenżyto;UwagiUprawa Pszenżyto;True;True;True;True;True;True;True;True;True;True;"False";Z;Zmodyfikowany;2025-03-25 19:09:38;Darek Osuch;2025-03-25 19:09:38;Darek Osuch;;
01.11.49.0;01.11.49;Pozostałe zboża;NazwaLacinskaUprawa Pozostałe zboża;NazwaSynonimyUprawa Pozostałe zboża;OpisUprawa Pozostałe zboża;UwagiUprawa Pozostałe zboża;True;"False";True;True;True;True;"False";True;True;True;True;Z;Zmodyfikowany;2025-03-25 19:09:38;Darek Osuch;2025-03-25 19:09:38;Darek Osuch;;
01.11.50.0;01.11.50;Słoma i plewy zbóż;NazwaLacinskaUprawa Słoma i plewy zbóż;NazwaSynonimyUprawa Słoma i plewy zbóż;OpisUprawa Słoma i plewy zbóż;UwagiUprawa Słoma i plewy zbóż;True;True;True;True;True;"False";True;True;True;True;True;Z;Zmodyfikowany;2025-03-25 19:09:38;Darek Osuch;2025-03-25 19:09:38;Darek Osuch;;
01.11.61.0;01.11.61;"Fasola";NazwaLacinskaUprawa Fasola;NazwaSynonimyUprawa Fasola;OpisUprawa Fasola;UwagiUprawa Fasola;True;True;True;True;True;True;True;True;True;True;True;Z;Zmodyfikowany;2025-03-25 19:09:38;Darek Osuch;2025-03-25 19:09:38;Darek Osuch;;
01.11.62.0;01.11.62;Groch;NazwaLacinskaUprawa Groch;NazwaSynonimyUprawa Groch;OpisUprawa Groch;UwagiUprawa Groch;True;True;True;"False";True;True;"False";True;True;"False";True;Z;Zmodyfikowany;2025-03-25 19:09:38;Darek Osuch;2025-03-25 19:09:38;Darek Osuch;;
01.11.69.0;01.11.69;Pozostałe warzywa strączkowe, świeże lub schłodzone;NazwaLacinskaUprawa Pozostałe warzywa strączkowe, świeże lub schłodzone;NazwaSynonimyUprawa Pozostałe warzywa strączkowe, świeże lub schłodzone;OpisUprawa Pozostałe warzywa strączkowe, świeże lub schłodzone;UwagiUprawa Pozostałe warzywa strączkowe, świeże lub schłodzone;True;"False";True;True;True;True;True;True;True;True;True;Z;Zmodyfikowany;2025-03-25 19:09:38;Darek Osuch;2025-03-25 19:09:38;Darek Osuch;;
01.11.71.0;01.11.71;"Fasola, suszona";NazwaLacinskaUprawa Fasola, suszona;NazwaSynonimyUprawa Fasola, suszona;OpisUprawa Fasola, suszona;UwagiUprawa Fasola, suszona;True;True;True;True;True;True;"False";True;"False";True;True;Z;Zmodyfikowany;2025-03-25 19:09:38;Darek Osuch;2025-03-25 19:09:38;Darek Osuch;;
01.11.72.0;01.11.72;Bób i bobik, suszone;NazwaLacinskaUprawa Bób i bobik, suszone;NazwaSynonimyUprawa Bób i bobik, suszone;OpisUprawa Bób i bobik, suszone;UwagiUprawa Bób i bobik, suszone;True;True;True;True;True;True;True;True;"False";True;True;Z;Zmodyfikowany;2025-03-25 19:09:38;Darek Osuch;2025-03-25 19:09:38;Darek Osuch;;
01.11.73.0;01.11.73;Ciecierzyca (cieciorka), suszona;NazwaLacinskaUprawa Ciecierzyca (cieciorka), suszona;NazwaSynonimyUprawa Ciecierzyca (cieciorka), suszona;OpisUprawa Ciecierzyca (cieciorka), suszona;UwagiUprawa Ciecierzyca (cieciorka), suszona;True;"False";True;True;True;True;"False";True;True;True;True;Z;Zmodyfikowany;2025-03-25 19:09:38;Darek Osuch;2025-03-25 19:09:38;Darek Osuch;;
01.11.74.0;01.11.74;Soczewica, suszona;NazwaLacinskaUprawa Soczewica, suszona;NazwaSynonimyUprawa Soczewica, suszona;OpisUprawa Soczewica, suszona;UwagiUprawa Soczewica, suszona;True;"False";True;True;True;True;True;True;True;True;True;Z;Zmodyfikowany;2025-03-25 19:09:38;Darek Osuch;2025-03-25 19:09:38;Darek Osuch;;
01.11.75.0;01.11.75;Groch, suszony;NazwaLacinskaUprawa Groch, suszony;NazwaSynonimyUprawa Groch, suszony;OpisUprawa Groch, suszony;UwagiUprawa Groch, suszony;True;True;True;True;True;True;True;True;True;True;True;Z;Zmodyfikowany;2025-03-25 19:09:38;Darek Osuch;2025-03-25 19:09:38;Darek Osuch;;
01.11.76.0;01.11.76;"Fasolnik chiński, suszony";NazwaLacinskaUprawa Fasolnik chiński, suszony;NazwaSynonimyUprawa Fasolnik chiński, suszony;OpisUprawa Fasolnik chiński, suszony;UwagiUprawa Fasolnik chiński, suszony;True;"False";True;"False";True;True;True;"False";True;"False";True;Z;Zmodyfikowany;2025-03-25 19:09:38;Darek Osuch;2025-03-25 19:09:38;Darek Osuch;;
01.11.77.0;01.11.77;Nikla indyjska, suszona;NazwaLacinskaUprawa Nikla indyjska, suszona;NazwaSynonimyUprawa Nikla indyjska, suszona;OpisUprawa Nikla indyjska, suszona;UwagiUprawa Nikla indyjska, suszona;True;True;True;True;True;True;True;"False";True;True;True;Z;Zmodyfikowany;2025-03-25 19:09:38;Darek Osuch;2025-03-25 19:09:38;Darek Osuch;;
01.11.79.0;01.11.79;Warzywa strączkowe suszone, gdzie indziej niesklasyfikowane;NazwaLacinskaUprawa Warzywa strączkowe suszone, gdzie indziej niesklasyfikowane;NazwaSynonimyUprawa Warzywa strączkowe suszone, gdzie indziej niesklasyfikowane;OpisUprawa Warzywa strączkowe suszone, gdzie indziej niesklasyfikowane;UwagiUprawa Warzywa strączkowe suszone, gdzie indziej niesklasyfikowane;True;True;True;True;True;True;True;"False";"False";True;True;Z;Zmodyfikowany;2025-03-25 19:09:38;Darek Osuch;2025-03-25 19:09:38;Darek Osuch;;
01.11.81.0;01.11.81;Nasiona soi;NazwaLacinskaUprawa Nasiona soi;NazwaSynonimyUprawa Nasiona soi;OpisUprawa Nasiona soi;UwagiUprawa Nasiona soi;True;True;True;True;True;True;True;True;True;True;True;Z;Zmodyfikowany;2025-03-25 19:09:38;Darek Osuch;2025-03-25 19:09:38;Darek Osuch;;
01.11.82.0;01.11.82;Orzeszki ziemne w łupinach;NazwaLacinskaUprawa Orzeszki ziemne w łupinach;NazwaSynonimyUprawa Orzeszki ziemne w łupinach;OpisUprawa Orzeszki ziemne w łupinach;UwagiUprawa Orzeszki ziemne w łupinach;True;"False";True;True;True;True;True;True;True;"False";True;Z;Zmodyfikowany;2025-03-25 19:09:38;Darek Osuch;2025-03-25 19:09:38;Darek Osuch;;
01.11.91.0;01.11.91;Nasiona lnu;NazwaLacinskaUprawa Nasiona lnu;NazwaSynonimyUprawa Nasiona lnu;OpisUprawa Nasiona lnu;UwagiUprawa Nasiona lnu;True;True;True;True;True;True;True;True;True;True;True;Z;Zmodyfikowany;2025-03-25 19:09:38;Darek Osuch;2025-03-25 19:09:38;Darek Osuch;;
01.11.92.0;01.11.92;Nasiona gorczycy;NazwaLacinskaUprawa Nasiona gorczycy;NazwaSynonimyUprawa Nasiona gorczycy;OpisUprawa Nasiona gorczycy;UwagiUprawa Nasiona gorczycy;True;True;True;True;True;True;True;True;True;True;True;Z;Zmodyfikowany;2025-03-25 19:09:38;Darek Osuch;2025-03-25 19:09:38;Darek Osuch;;
01.11.93.0;01.11.93;Nasiona rzepaku i rzepiku;NazwaLacinskaUprawa Nasiona rzepaku i rzepiku;NazwaSynonimyUprawa Nasiona rzepaku i rzepiku;OpisUprawa Nasiona rzepaku i rzepiku;UwagiUprawa Nasiona rzepaku i rzepiku;True;True;True;True;True;True;True;"False";True;True;True;Z;Zmodyfikowany;2025-03-25 19:09:38;Darek Osuch;2025-03-25 19:09:38;Darek Osuch;;
01.11.94.0;01.11.94;Nasiona sezamu;NazwaLacinskaUprawa Nasiona sezamu;NazwaSynonimyUprawa Nasiona sezamu;OpisUprawa Nasiona sezamu;UwagiUprawa Nasiona sezamu;True;True;True;True;True;True;True;"False";True;True;"False";Z;Zmodyfikowany;2025-03-25 19:09:38;Darek Osuch;2025-03-25 19:09:38;Darek Osuch;;
01.11.95.0;01.11.95;Nasiona słonecznika;NazwaLacinskaUprawa Nasiona słonecznika;NazwaSynonimyUprawa Nasiona słonecznika;OpisUprawa Nasiona słonecznika;UwagiUprawa Nasiona słonecznika;True;True;True;True;True;True;True;True;True;True;True;Z;Zmodyfikowany;2025-03-25 19:09:38;Darek Osuch;2025-03-25 19:09:38;Darek Osuch;;
01.11.96.0;01.11.96;Nasiona rącznika;NazwaLacinskaUprawa Nasiona rącznika;NazwaSynonimyUprawa Nasiona rącznika;OpisUprawa Nasiona rącznika;UwagiUprawa Nasiona rącznika;"False";True;True;True;True;"False";True;True;True;True;True;Z;Zmodyfikowany;2025-03-25 19:09:38;Darek Osuch;2025-03-25 19:09:38;Darek Osuch;;
01.11.99.0;01.11.99;Pozostałe nasiona oleiste, gdzie indziej niesklasyfikowane;NazwaLacinskaUprawa Pozostałe nasiona oleiste, gdzie indziej niesklasyfikowane;NazwaSynonimyUprawa Pozostałe nasiona oleiste, gdzie indziej niesklasyfikowane;OpisUprawa Pozostałe nasiona oleiste, gdzie indziej niesklasyfikowane;UwagiUprawa Pozostałe nasiona oleiste, gdzie indziej niesklasyfikowane;"False";True;True;"False";True;True;True;True;True;True;True;Z;Zmodyfikowany;2025-03-25 19:09:38;Darek Osuch;2025-03-25 19:09:39;Darek Osuch;;
01.12.10.0;01.12.10;RYŻ NIEŁUSKANY;NazwaLacinskaUprawa RYŻ NIEŁUSKANY;NazwaSynonimyUprawa RYŻ NIEŁUSKANY;OpisUprawa RYŻ NIEŁUSKANY;UwagiUprawa RYŻ NIEŁUSKANY;True;True;True;True;True;"False";"False";True;True;True;True;Z;Zmodyfikowany;2025-03-25 19:09:39;Darek Osuch;2025-03-25 19:09:39;Darek Osuch;;
01.13.11.0;01.13.11;Szparagi;NazwaLacinskaUprawa Szparagi;NazwaSynonimyUprawa Szparagi;OpisUprawa Szparagi;UwagiUprawa Szparagi;True;True;"False";True;True;True;True;True;True;True;True;Z;Zmodyfikowany;2025-03-25 19:09:39;Darek Osuch;2025-03-25 19:09:39;Darek Osuch;;
01.13.12.0;01.13.12;Kapusta;NazwaLacinskaUprawa Kapusta;NazwaSynonimyUprawa Kapusta;OpisUprawa Kapusta;UwagiUprawa Kapusta;True;True;True;True;True;True;True;True;True;True;True;Z;Zmodyfikowany;2025-03-25 19:09:39;Darek Osuch;2025-03-25 19:09:39;Darek Osuch;;
01.13.13.0;01.13.13;Kalafiory i brokuły;NazwaLacinskaUprawa Kalafiory i brokuły;NazwaSynonimyUprawa Kalafiory i brokuły;OpisUprawa Kalafiory i brokuły;UwagiUprawa Kalafiory i brokuły;True;True;True;True;True;True;"False";True;True;True;True;Z;Zmodyfikowany;2025-03-25 19:09:39;Darek Osuch;2025-03-25 19:09:39;Darek Osuch;;
01.13.14.0;01.13.14;Sałata;NazwaLacinskaUprawa Sałata;NazwaSynonimyUprawa Sałata;OpisUprawa Sałata;UwagiUprawa Sałata;True;True;True;True;True;True;True;True;True;"False";True;Z;Zmodyfikowany;2025-03-25 19:09:39;Darek Osuch;2025-03-25 19:09:39;Darek Osuch;;
01.13.15.0;01.13.15;Cykoria;NazwaLacinskaUprawa Cykoria;NazwaSynonimyUprawa Cykoria;OpisUprawa Cykoria;UwagiUprawa Cykoria;True;"False";True;True;True;True;True;"False";True;True;True;Z;Zmodyfikowany;2025-03-25 19:09:39;Darek Osuch;2025-03-25 19:09:39;Darek Osuch;;
01.13.16.0;01.13.16;Szpinak;NazwaLacinskaUprawa Szpinak;NazwaSynonimyUprawa Szpinak;OpisUprawa Szpinak;UwagiUprawa Szpinak;True;True;"False";True;True;True;True;"False";"False";"False";"False";Z;Zmodyfikowany;2025-03-25 19:09:39;Darek Osuch;2025-03-25 19:09:39;Darek Osuch;;
01.13.17.0;01.13.17;Karczochy;NazwaLacinskaUprawa Karczochy;NazwaSynonimyUprawa Karczochy;OpisUprawa Karczochy;UwagiUprawa Karczochy;True;True;"False";True;True;"False";True;True;True;True;True;Z;Zmodyfikowany;2025-03-25 19:09:39;Darek Osuch;2025-03-25 19:09:39;Darek Osuch;;
01.13.19.0;01.13.19;Pozostałe warzywa liściowe i łodygowe;NazwaLacinskaUprawa Pozostałe warzywa liściowe i łodygowe;NazwaSynonimyUprawa Pozostałe warzywa liściowe i łodygowe;OpisUprawa Pozostałe warzywa liściowe i łodygowe;UwagiUprawa Pozostałe warzywa liściowe i łodygowe;True;True;True;True;True;True;True;True;True;True;True;Z;Zmodyfikowany;2025-03-25 19:09:39;Darek Osuch;2025-03-25 19:09:39;Darek Osuch;;
01.13.21.0;01.13.21;Arbuzy;NazwaLacinskaUprawa Arbuzy;NazwaSynonimyUprawa Arbuzy;OpisUprawa Arbuzy;UwagiUprawa Arbuzy;True;True;True;True;True;True;True;"False";True;True;True;Z;Zmodyfikowany;2025-03-25 19:09:39;Darek Osuch;2025-03-25 19:09:39;Darek Osuch;;
01.13.29.0;01.13.29;Melony;NazwaLacinskaUprawa Melony;NazwaSynonimyUprawa Melony;OpisUprawa Melony;UwagiUprawa Melony;True;"False";"False";True;True;True;True;True;True;True;True;Z;Zmodyfikowany;2025-03-25 19:09:39;Darek Osuch;2025-03-25 19:09:39;Darek Osuch;;
01.13.31.0;01.13.31;Papryka i inne warzywa owocowe (wyłącznie z rodzaju Capsicum);NazwaLacinskaUprawa Papryka i inne warzywa owocowe (wyłącznie z rodzaju Capsicum);NazwaSynonimyUprawa Papryka i inne warzywa owocowe (wyłącznie z rodzaju Capsicum);OpisUprawa Papryka i inne warzywa owocowe (wyłącznie z rodzaju Capsicum);UwagiUprawa Papryka i inne warzywa owocowe (wyłącznie z rodzaju Capsicum);"False";"False";True;"False";True;"False";True;"False";True;True;True;Z;Zmodyfikowany;2025-03-25 19:09:39;Darek Osuch;2025-03-25 19:09:39;Darek Osuch;;
01.13.32.0;01.13.32;Ogórki i korniszony;NazwaLacinskaUprawa Ogórki i korniszony;NazwaSynonimyUprawa Ogórki i korniszony;OpisUprawa Ogórki i korniszony;UwagiUprawa Ogórki i korniszony;"False";True;"False";True;True;True;True;True;True;True;True;Z;Zmodyfikowany;2025-03-25 19:09:39;Darek Osuch;2025-03-25 19:09:39;Darek Osuch;;
01.13.33.0;01.13.33;Bakłażany (oberżyny);NazwaLacinskaUprawa Bakłażany (oberżyny);NazwaSynonimyUprawa Bakłażany (oberżyny);OpisUprawa Bakłażany (oberżyny);UwagiUprawa Bakłażany (oberżyny);True;True;True;True;True;True;"False";True;True;True;True;Z;Zmodyfikowany;2025-03-25 19:09:39;Darek Osuch;2025-03-25 19:09:39;Darek Osuch;;
01.13.34.0;01.13.34;Pomidory;NazwaLacinskaUprawa Pomidory;NazwaSynonimyUprawa Pomidory;OpisUprawa Pomidory;UwagiUprawa Pomidory;"False";True;True;True;True;"False";"False";True;True;True;True;Z;Zmodyfikowany;2025-03-25 19:09:39;Darek Osuch;2025-03-25 19:09:39;Darek Osuch;;
01.13.39.0;01.13.39;Pozostałe, świeże lub schłodzone warzywa owocowe, gdzie indziej niesklasyfikowane;NazwaLacinskaUprawa Pozostałe, świeże lub schłodzone warzywa owocowe, gdzie indziej niesklasyfikowane;NazwaSynonimyUprawa Pozostałe, świeże lub schłodzone warzywa owocowe, gdzie indziej niesklasyfikowane;OpisUprawa Pozostałe, świeże lub schłodzone warzywa owocowe, gdzie indziej niesklasyfikowane;UwagiUprawa Pozostałe, świeże lub schłodzone warzywa owocowe, gdzie indziej niesklasyfikowane;"False";True;True;True;True;True;True;True;"False";True;"False";Z;Zmodyfikowany;2025-03-25 19:09:39;Darek Osuch;2025-03-25 19:09:39;Darek Osuch;;
01.13.41.0;01.13.41;Marchew i rzepa;NazwaLacinskaUprawa Marchew i rzepa;NazwaSynonimyUprawa Marchew i rzepa;OpisUprawa Marchew i rzepa;UwagiUprawa Marchew i rzepa;True;True;True;True;True;"False";True;True;True;True;True;Z;Zmodyfikowany;2025-03-25 19:09:39;Darek Osuch;2025-03-25 19:09:39;Darek Osuch;;
01.13.42.0;01.13.42;Czosnek;NazwaLacinskaUprawa Czosnek;NazwaSynonimyUprawa Czosnek;OpisUprawa Czosnek;UwagiUprawa Czosnek;"False";True;True;"False";True;True;"False";True;True;True;True;Z;Zmodyfikowany;2025-03-25 19:09:39;Darek Osuch;2025-03-25 19:09:39;Darek Osuch;;
01.13.43.0;01.13.43;Cebula;NazwaLacinskaUprawa Cebula;NazwaSynonimyUprawa Cebula;OpisUprawa Cebula;UwagiUprawa Cebula;True;True;"False";True;True;True;True;True;True;True;True;Z;Zmodyfikowany;2025-03-25 19:09:39;Darek Osuch;2025-03-25 19:09:39;Darek Osuch;;
01.13.44.0;01.13.44;Pory i pozostałe warzywa z rodziny czosnkowatych;NazwaLacinskaUprawa Pory i pozostałe warzywa z rodziny czosnkowatych;NazwaSynonimyUprawa Pory i pozostałe warzywa z rodziny czosnkowatych;OpisUprawa Pory i pozostałe warzywa z rodziny czosnkowatych;UwagiUprawa Pory i pozostałe warzywa z rodziny czosnkowatych;True;True;True;True;True;True;True;True;"False";True;True;Z;Zmodyfikowany;2025-03-25 19:09:39;Darek Osuch;2025-03-25 19:09:39;Darek Osuch;;
01.13.49.0;01.13.49;Pozostałe, świeże lub schłodzone warzywa korzeniowe, cebulowe i bulwiaste, z wyłączeniem warzyw o dużej zawartości skrobi i inuliny;NazwaLacinskaUprawa Pozostałe, świeże lub schłodzone warzywa korzeniowe, cebulowe i bulwiaste, z wyłączeniem warzyw o dużej zawartości skrobi i inuliny;NazwaSynonimyUprawa Pozostałe, świeże lub schłodzone warzywa korzeniowe, cebulowe i bulwiaste, z wyłączeniem warzyw o dużej zawartości skrobi i inuliny;OpisUprawa Pozostałe, świeże lub schłodzone warzywa korzeniowe, cebulowe i bulwiaste, z wyłączeniem warzyw o dużej zawartości skrobi i inuliny;UwagiUprawa Pozostałe, świeże lub schłodzone warzywa korzeniowe, cebulowe i bulwiaste, z wyłączeniem warzyw o dużej zawartości skrobi i inuliny;True;True;True;True;True;True;True;True;True;True;True;Z;Zmodyfikowany;2025-03-25 19:09:39;Darek Osuch;2025-03-25 19:09:39;Darek Osuch;;
01.13.51.0;01.13.51;Ziemniaki;NazwaLacinskaUprawa Ziemniaki;NazwaSynonimyUprawa Ziemniaki;OpisUprawa Ziemniaki;UwagiUprawa Ziemniaki;True;True;True;True;True;"False";True;True;True;True;True;Z;Zmodyfikowany;2025-03-25 19:09:39;Darek Osuch;2025-03-25 19:09:39;Darek Osuch;;
01.13.52.0;01.13.52;Ziemniaki słodkie (bataty, pataty);NazwaLacinskaUprawa Ziemniaki słodkie (bataty, pataty);NazwaSynonimyUprawa Ziemniaki słodkie (bataty, pataty);OpisUprawa Ziemniaki słodkie (bataty, pataty);UwagiUprawa Ziemniaki słodkie (bataty, pataty);True;True;True;True;True;True;True;True;True;True;True;Z;Zmodyfikowany;2025-03-25 19:09:39;Darek Osuch;2025-03-25 19:09:39;Darek Osuch;;
01.13.53.0;01.13.53;Maniok (cassava);NazwaLacinskaUprawa Maniok (cassava);NazwaSynonimyUprawa Maniok (cassava);OpisUprawa Maniok (cassava);UwagiUprawa Maniok (cassava);True;True;True;True;True;True;True;True;True;True;True;Z;Zmodyfikowany;2025-03-25 19:09:39;Darek Osuch;2025-03-25 19:09:39;Darek Osuch;;
01.13.54.0;01.13.54;Kolokazja jadalna (taro);NazwaLacinskaUprawa Kolokazja jadalna (taro);NazwaSynonimyUprawa Kolokazja jadalna (taro);OpisUprawa Kolokazja jadalna (taro);UwagiUprawa Kolokazja jadalna (taro);True;True;True;"False";True;True;True;"False";True;True;"False";Z;Zmodyfikowany;2025-03-25 19:09:39;Darek Osuch;2025-03-25 19:09:39;Darek Osuch;;
01.13.59.0;01.13.59;Pozostałe jadalne korzenie i bulwy o dużej zawartości skrobi i inuliny;NazwaLacinskaUprawa Pozostałe jadalne korzenie i bulwy o dużej zawartości skrobi i inuliny;NazwaSynonimyUprawa Pozostałe jadalne korzenie i bulwy o dużej zawartości skrobi i inuliny;OpisUprawa Pozostałe jadalne korzenie i bulwy o dużej zawartości skrobi i inuliny;UwagiUprawa Pozostałe jadalne korzenie i bulwy o dużej zawartości skrobi i inuliny;True;"False";True;True;True;True;True;"False";True;True;True;Z;Zmodyfikowany;2025-03-25 19:09:39;Darek Osuch;2025-03-25 19:09:39;Darek Osuch;;
01.13.60.0;01.13.60;Nasiona warzyw, z wyłączeniem nasion buraków cukrowych;NazwaLacinskaUprawa Nasiona warzyw, z wyłączeniem nasion buraków cukrowych;NazwaSynonimyUprawa Nasiona warzyw, z wyłączeniem nasion buraków cukrowych;OpisUprawa Nasiona warzyw, z wyłączeniem nasion buraków cukrowych;UwagiUprawa Nasiona warzyw, z wyłączeniem nasion buraków cukrowych;True;True;"False";True;True;True;True;True;True;True;True;Z;Zmodyfikowany;2025-03-25 19:09:39;Darek Osuch;2025-03-25 19:09:39;Darek Osuch;;
01.13.71.0;01.13.71;Buraki cukrowe;NazwaLacinskaUprawa Buraki cukrowe;NazwaSynonimyUprawa Buraki cukrowe;OpisUprawa Buraki cukrowe;UwagiUprawa Buraki cukrowe;True;True;True;True;True;True;"False";True;True;True;True;Z;Zmodyfikowany;2025-03-25 19:09:39;Darek Osuch;2025-03-25 19:09:39;Darek Osuch;;
01.13.72.0;01.13.72;Nasiona buraków cukrowych;NazwaLacinskaUprawa Nasiona buraków cukrowych;NazwaSynonimyUprawa Nasiona buraków cukrowych;OpisUprawa Nasiona buraków cukrowych;UwagiUprawa Nasiona buraków cukrowych;True;True;"False";True;"False";True;True;True;True;True;True;Z;Zmodyfikowany;2025-03-25 19:09:39;Darek Osuch;2025-03-25 19:09:39;Darek Osuch;;
01.13.80.0;01.13.80;GRZYBY I TRUFLE;NazwaLacinskaUprawa GRZYBY I TRUFLE;NazwaSynonimyUprawa GRZYBY I TRUFLE;OpisUprawa GRZYBY I TRUFLE;UwagiUprawa GRZYBY I TRUFLE;True;True;True;True;"False";True;True;True;True;True;True;Z;Zmodyfikowany;2025-03-25 19:09:39;Darek Osuch;2025-03-25 19:09:39;Darek Osuch;;
01.13.90.0;01.13.90;WARZYWA ŚWIEŻE, GDZIE INDZIEJ NIESKLASYFIKOWANE;NazwaLacinskaUprawa WARZYWA ŚWIEŻE, GDZIE INDZIEJ NIESKLASYFIKOWANE;NazwaSynonimyUprawa WARZYWA ŚWIEŻE, GDZIE INDZIEJ NIESKLASYFIKOWANE;OpisUprawa WARZYWA ŚWIEŻE, GDZIE INDZIEJ NIESKLASYFIKOWANE;UwagiUprawa WARZYWA ŚWIEŻE, GDZIE INDZIEJ NIESKLASYFIKOWANE;True;True;True;True;True;True;True;"False";True;True;True;Z;Zmodyfikowany;2025-03-25 19:09:39;Darek Osuch;2025-03-25 19:09:39;Darek Osuch;;
01.14.10.0;01.14.10;TRZCINA CUKROWA;NazwaLacinskaUprawa TRZCINA CUKROWA;NazwaSynonimyUprawa TRZCINA CUKROWA;OpisUprawa TRZCINA CUKROWA;UwagiUprawa TRZCINA CUKROWA;"False";True;True;True;"False";"False";True;True;True;True;"False";Z;Zmodyfikowany;2025-03-25 19:09:39;Darek Osuch;2025-03-25 19:09:40;Darek Osuch;;
01.15.10.0;01.15.10;TYTOŃ NIEPRZETWORZONY;NazwaLacinskaUprawa TYTOŃ NIEPRZETWORZONY;NazwaSynonimyUprawa TYTOŃ NIEPRZETWORZONY;OpisUprawa TYTOŃ NIEPRZETWORZONY;UwagiUprawa TYTOŃ NIEPRZETWORZONY;True;True;"False";True;"False";True;True;"False";True;True;True;Z;Zmodyfikowany;2025-03-25 19:09:40;Darek Osuch;2025-03-25 19:09:40;Darek Osuch;;
01.16.11.0;01.16.11;Bawełna niezgrzeblona i nieczesana;NazwaLacinskaUprawa Bawełna niezgrzeblona i nieczesana;NazwaSynonimyUprawa Bawełna niezgrzeblona i nieczesana;OpisUprawa Bawełna niezgrzeblona i nieczesana;UwagiUprawa Bawełna niezgrzeblona i nieczesana;True;True;True;True;True;True;True;True;True;True;True;Z;Zmodyfikowany;2025-03-25 19:09:40;Darek Osuch;2025-03-25 19:09:40;Darek Osuch;;
01.16.12.0;01.16.12;Juta, kenaf i pozostałe włókna tekstylne łykowe, surowe lub roszone, z wyłączeniem lnu, konopi i ramii;NazwaLacinskaUprawa Juta, kenaf i pozostałe włókna tekstylne łykowe, surowe lub roszone, z wyłączeniem lnu, konopi i ramii;NazwaSynonimyUprawa Juta, kenaf i pozostałe włókna tekstylne łykowe, surowe lub roszone, z wyłączeniem lnu, konopi i ramii;OpisUprawa Juta, kenaf i pozostałe włókna tekstylne łykowe, surowe lub roszone, z wyłączeniem lnu, konopi i ramii;UwagiUprawa Juta, kenaf i pozostałe włókna tekstylne łykowe, surowe lub roszone, z wyłączeniem lnu, konopi i ramii;True;True;True;True;True;"False";True;True;True;"False";True;Z;Zmodyfikowany;2025-03-25 19:09:40;Darek Osuch;2025-03-25 19:09:40;Darek Osuch;;
01.16.19.0;01.16.19;Len, konopie oraz pozostałe surowe rośliny włókniste, gdzie indziej niesklasyfikowane;NazwaLacinskaUprawa Len, konopie oraz pozostałe surowe rośliny włókniste, gdzie indziej niesklasyfikowane;NazwaSynonimyUprawa Len, konopie oraz pozostałe surowe rośliny włókniste, gdzie indziej niesklasyfikowane;OpisUprawa Len, konopie oraz pozostałe surowe rośliny włókniste, gdzie indziej niesklasyfikowane;UwagiUprawa Len, konopie oraz pozostałe surowe rośliny włókniste, gdzie indziej niesklasyfikowane;True;True;True;True;True;True;True;True;True;True;True;Z;Zmodyfikowany;2025-03-25 19:09:40;Darek Osuch;2025-03-25 19:09:40;Darek Osuch;;
01.19.10.0;01.19.10;ROŚLINY PASTEWNE;NazwaLacinskaUprawa ROŚLINY PASTEWNE;NazwaSynonimyUprawa ROŚLINY PASTEWNE;OpisUprawa ROŚLINY PASTEWNE;UwagiUprawa ROŚLINY PASTEWNE;True;"False";True;True;True;"False";True;True;True;True;True;Z;Zmodyfikowany;2025-03-25 19:09:40;Darek Osuch;2025-03-25 19:09:40;Darek Osuch;;
01.19.21.0;01.19.21;Kwiaty cięte i pąki kwiatowe;NazwaLacinskaUprawa Kwiaty cięte i pąki kwiatowe;NazwaSynonimyUprawa Kwiaty cięte i pąki kwiatowe;OpisUprawa Kwiaty cięte i pąki kwiatowe;UwagiUprawa Kwiaty cięte i pąki kwiatowe;True;"False";True;True;True;True;True;True;"False";True;True;Z;Zmodyfikowany;2025-03-25 19:09:40;Darek Osuch;2025-03-25 19:09:40;Darek Osuch;;
01.19.22.0;01.19.22;Nasiona kwiatów;NazwaLacinskaUprawa Nasiona kwiatów;NazwaSynonimyUprawa Nasiona kwiatów;OpisUprawa Nasiona kwiatów;UwagiUprawa Nasiona kwiatów;"False";True;True;True;True;True;True;True;True;True;True;Z;Zmodyfikowany;2025-03-25 19:09:40;Darek Osuch;2025-03-25 19:09:40;Darek Osuch;;
01.19.31.0;01.19.31;Nasiona roślin pastewnych, włączając nasiona buraków pastewnych;NazwaLacinskaUprawa Nasiona roślin pastewnych, włączając nasiona buraków pastewnych;NazwaSynonimyUprawa Nasiona roślin pastewnych, włączając nasiona buraków pastewnych;OpisUprawa Nasiona roślin pastewnych, włączając nasiona buraków pastewnych;UwagiUprawa Nasiona roślin pastewnych, włączając nasiona buraków pastewnych;True;True;True;True;True;"False";True;True;True;True;"False";Z;Zmodyfikowany;2025-03-25 19:09:40;Darek Osuch;2025-03-25 19:09:40;Darek Osuch;;
01.19.39.0;01.19.39;Pozostałe surowe produkty roślinne, gdzie indziej niesklasyfikowane;NazwaLacinskaUprawa Pozostałe surowe produkty roślinne, gdzie indziej niesklasyfikowane;NazwaSynonimyUprawa Pozostałe surowe produkty roślinne, gdzie indziej niesklasyfikowane;OpisUprawa Pozostałe surowe produkty roślinne, gdzie indziej niesklasyfikowane;UwagiUprawa Pozostałe surowe produkty roślinne, gdzie indziej niesklasyfikowane;True;True;True;True;"False";True;True;"False";True;True;True;Z;Zmodyfikowany;2025-03-25 19:09:40;Darek Osuch;2025-03-25 19:09:40;Darek Osuch;;
01.21.11.0;01.21.11;Winogrona stołowe;NazwaLacinskaUprawa Winogrona stołowe;NazwaSynonimyUprawa Winogrona stołowe;OpisUprawa Winogrona stołowe;UwagiUprawa Winogrona stołowe;True;True;True;True;True;True;True;True;True;True;True;Z;Zmodyfikowany;2025-03-25 19:09:40;Darek Osuch;2025-03-25 19:09:40;Darek Osuch;;
01.21.12.0;01.21.12;Pozostałe winogrona świeże;NazwaLacinskaUprawa Pozostałe winogrona świeże;NazwaSynonimyUprawa Pozostałe winogrona świeże;OpisUprawa Pozostałe winogrona świeże;UwagiUprawa Pozostałe winogrona świeże;True;True;True;True;True;True;True;True;True;True;"False";Z;Zmodyfikowany;2025-03-25 19:09:40;Darek Osuch;2025-03-25 19:09:40;Darek Osuch;;
01.22.11.0;01.22.11;Awokado;NazwaLacinskaUprawa Awokado;NazwaSynonimyUprawa Awokado;OpisUprawa Awokado;UwagiUprawa Awokado;True;True;True;True;"False";True;True;True;True;True;True;Z;Zmodyfikowany;2025-03-25 19:09:40;Darek Osuch;2025-03-25 19:09:40;Darek Osuch;;
01.22.12.0;01.22.12;Banany, plantany itp.;NazwaLacinskaUprawa Banany, plantany itp.;NazwaSynonimyUprawa Banany, plantany itp.;OpisUprawa Banany, plantany itp.;UwagiUprawa Banany, plantany itp.;True;True;True;True;"False";True;True;True;True;True;True;Z;Zmodyfikowany;2025-03-25 19:09:40;Darek Osuch;2025-03-25 19:09:40;Darek Osuch;;
01.22.13.0;01.22.13;Daktyle;NazwaLacinskaUprawa Daktyle;NazwaSynonimyUprawa Daktyle;OpisUprawa Daktyle;UwagiUprawa Daktyle;True;True;True;True;True;True;True;True;True;"False";"False";Z;Zmodyfikowany;2025-03-25 19:09:40;Darek Osuch;2025-03-25 19:09:40;Darek Osuch;;
01.22.14.0;01.22.14;"Figi";NazwaLacinskaUprawa Figi;NazwaSynonimyUprawa Figi;OpisUprawa Figi;UwagiUprawa Figi;True;True;True;True;True;True;True;True;True;"False";True;Z;Zmodyfikowany;2025-03-25 19:09:40;Darek Osuch;2025-03-25 19:09:40;Darek Osuch;;
01.22.19.0;01.22.19;Pozostałe świeże owoce tropikalne i podzwrotnikowe;NazwaLacinskaUprawa Pozostałe świeże owoce tropikalne i podzwrotnikowe;NazwaSynonimyUprawa Pozostałe świeże owoce tropikalne i podzwrotnikowe;OpisUprawa Pozostałe świeże owoce tropikalne i podzwrotnikowe;UwagiUprawa Pozostałe świeże owoce tropikalne i podzwrotnikowe;True;"False";"False";True;True;True;True;True;True;True;True;Z;Zmodyfikowany;2025-03-25 19:09:40;Darek Osuch;2025-03-25 19:09:40;Darek Osuch;;
01.23.11.0;01.23.11;Pomelo i grejpfruty;NazwaLacinskaUprawa Pomelo i grejpfruty;NazwaSynonimyUprawa Pomelo i grejpfruty;OpisUprawa Pomelo i grejpfruty;UwagiUprawa Pomelo i grejpfruty;True;"False";"False";True;"False";True;True;True;True;True;True;Z;Zmodyfikowany;2025-03-25 19:09:40;Darek Osuch;2025-03-25 19:09:40;Darek Osuch;;
01.23.12.0;01.23.12;Cytryny i limonki;NazwaLacinskaUprawa Cytryny i limonki;NazwaSynonimyUprawa Cytryny i limonki;OpisUprawa Cytryny i limonki;UwagiUprawa Cytryny i limonki;True;True;True;True;"False";"False";True;True;True;True;True;Z;Zmodyfikowany;2025-03-25 19:09:40;Darek Osuch;2025-03-25 19:09:40;Darek Osuch;;
01.23.13.0;01.23.13;Pomarańcze;NazwaLacinskaUprawa Pomarańcze;NazwaSynonimyUprawa Pomarańcze;OpisUprawa Pomarańcze;UwagiUprawa Pomarańcze;True;True;True;"False";True;True;True;True;True;True;True;Z;Zmodyfikowany;2025-03-25 19:09:40;Darek Osuch;2025-03-25 19:09:40;Darek Osuch;;
01.23.14.0;01.23.14;Mandarynki, klementynki i tangeryny;NazwaLacinskaUprawa Mandarynki, klementynki i tangeryny;NazwaSynonimyUprawa Mandarynki, klementynki i tangeryny;OpisUprawa Mandarynki, klementynki i tangeryny;UwagiUprawa Mandarynki, klementynki i tangeryny;True;True;True;True;True;True;True;True;True;True;"False";Z;Zmodyfikowany;2025-03-25 19:09:40;Darek Osuch;2025-03-25 19:09:40;Darek Osuch;;
01.23.19.0;01.23.19;Pozostałe świeże owoce cytrusowe;NazwaLacinskaUprawa Pozostałe świeże owoce cytrusowe;NazwaSynonimyUprawa Pozostałe świeże owoce cytrusowe;OpisUprawa Pozostałe świeże owoce cytrusowe;UwagiUprawa Pozostałe świeże owoce cytrusowe;True;True;"False";True;True;True;True;True;True;True;"False";Z;Zmodyfikowany;2025-03-25 19:09:40;Darek Osuch;2025-03-25 19:09:40;Darek Osuch;;
01.24.10.0;01.24.10;JABŁKA;NazwaLacinskaUprawa JABŁKA;NazwaSynonimyUprawa JABŁKA;OpisUprawa JABŁKA;UwagiUprawa JABŁKA;True;True;True;True;True;True;True;True;True;True;True;Z;Zmodyfikowany;2025-03-25 19:09:40;Darek Osuch;2025-03-25 19:09:40;Darek Osuch;;
01.24.21.0;01.24.21;Gruszki;NazwaLacinskaUprawa Gruszki;NazwaSynonimyUprawa Gruszki;OpisUprawa Gruszki;UwagiUprawa Gruszki;True;"False";True;True;"False";True;True;True;True;True;True;Z;Zmodyfikowany;2025-03-25 19:09:40;Darek Osuch;2025-03-25 19:09:40;Darek Osuch;;
01.24.22.0;01.24.22;Pigwy;NazwaLacinskaUprawa Pigwy;NazwaSynonimyUprawa Pigwy;OpisUprawa Pigwy;UwagiUprawa Pigwy;True;True;True;True;True;True;True;True;True;True;True;Z;Zmodyfikowany;2025-03-25 19:09:40;Darek Osuch;2025-03-25 19:09:40;Darek Osuch;;
01.24.23.0;01.24.23;Morele;NazwaLacinskaUprawa Morele;NazwaSynonimyUprawa Morele;OpisUprawa Morele;UwagiUprawa Morele;True;True;True;True;True;True;True;True;True;True;True;Z;Zmodyfikowany;2025-03-25 19:09:40;Darek Osuch;2025-03-25 19:09:40;Darek Osuch;;
01.24.24.0;01.24.24;Wiśnie i czereśnie;NazwaLacinskaUprawa Wiśnie i czereśnie;NazwaSynonimyUprawa Wiśnie i czereśnie;OpisUprawa Wiśnie i czereśnie;UwagiUprawa Wiśnie i czereśnie;True;True;True;True;True;True;True;True;True;True;"False";Z;Zmodyfikowany;2025-03-25 19:09:40;Darek Osuch;2025-03-25 19:09:40;Darek Osuch;;
01.24.25.0;01.24.25;Brzoskwinie;NazwaLacinskaUprawa Brzoskwinie;NazwaSynonimyUprawa Brzoskwinie;OpisUprawa Brzoskwinie;UwagiUprawa Brzoskwinie;True;True;True;True;"False";"False";"False";True;True;"False";True;Z;Zmodyfikowany;2025-03-25 19:09:40;Darek Osuch;2025-03-25 19:09:40;Darek Osuch;;
01.24.26.0;01.24.26;Nektaryny;NazwaLacinskaUprawa Nektaryny;NazwaSynonimyUprawa Nektaryny;OpisUprawa Nektaryny;UwagiUprawa Nektaryny;True;True;True;True;True;True;True;True;"False";"False";True;Z;Zmodyfikowany;2025-03-25 19:09:40;Darek Osuch;2025-03-25 19:09:40;Darek Osuch;;
01.24.27.0;01.24.27;Śliwki;NazwaLacinskaUprawa Śliwki;NazwaSynonimyUprawa Śliwki;OpisUprawa Śliwki;UwagiUprawa Śliwki;True;True;"False";True;True;True;True;True;True;True;True;Z;Zmodyfikowany;2025-03-25 19:09:40;Darek Osuch;2025-03-25 19:09:40;Darek Osuch;;
01.24.28.0;01.24.28;Owoce tarniny;NazwaLacinskaUprawa Owoce tarniny;NazwaSynonimyUprawa Owoce tarniny;OpisUprawa Owoce tarniny;UwagiUprawa Owoce tarniny;"False";True;"False";"False";True;True;"False";True;"False";True;True;Z;Zmodyfikowany;2025-03-25 19:09:40;Darek Osuch;2025-03-25 19:09:40;Darek Osuch;;
01.24.29.0;01.24.29;Pozostałe świeże owoce ziarnkowe i pestkowe, gdzie indziej niesklasyfikowane;NazwaLacinskaUprawa Pozostałe świeże owoce ziarnkowe i pestkowe, gdzie indziej niesklasyfikowane;NazwaSynonimyUprawa Pozostałe świeże owoce ziarnkowe i pestkowe, gdzie indziej niesklasyfikowane;OpisUprawa Pozostałe świeże owoce ziarnkowe i pestkowe, gdzie indziej niesklasyfikowane;UwagiUprawa Pozostałe świeże owoce ziarnkowe i pestkowe, gdzie indziej niesklasyfikowane;True;True;True;True;True;True;True;True;True;True;True;Z;Zmodyfikowany;2025-03-25 19:09:40;Darek Osuch;2025-03-25 19:09:40;Darek Osuch;;
01.25.11.0;01.25.11;Owoce kiwi;NazwaLacinskaUprawa Owoce kiwi;NazwaSynonimyUprawa Owoce kiwi;OpisUprawa Owoce kiwi;UwagiUprawa Owoce kiwi;True;True;True;True;True;True;True;True;"False";True;True;Z;Zmodyfikowany;2025-03-25 19:09:40;Darek Osuch;2025-03-25 19:09:41;Darek Osuch;;
01.25.12.0;01.25.12;Maliny, jeżyny, morwy i owoce mieszańców malin z jeżynami;NazwaLacinskaUprawa Maliny, jeżyny, morwy i owoce mieszańców malin z jeżynami;NazwaSynonimyUprawa Maliny, jeżyny, morwy i owoce mieszańców malin z jeżynami;OpisUprawa Maliny, jeżyny, morwy i owoce mieszańców malin z jeżynami;UwagiUprawa Maliny, jeżyny, morwy i owoce mieszańców malin z jeżynami;True;True;"False";True;True;True;True;True;True;True;True;Z;Zmodyfikowany;2025-03-25 19:09:41;Darek Osuch;2025-03-25 19:09:41;Darek Osuch;;
01.25.13.0;01.25.13;Truskawki i poziomki;NazwaLacinskaUprawa Truskawki i poziomki;NazwaSynonimyUprawa Truskawki i poziomki;OpisUprawa Truskawki i poziomki;UwagiUprawa Truskawki i poziomki;True;True;True;True;"False";True;True;True;"False";True;True;Z;Zmodyfikowany;2025-03-25 19:09:41;Darek Osuch;2025-03-25 19:09:41;Darek Osuch;;
01.25.19.0;01.25.19;Pozostałe owoce jagodowe (np. porzeczki, agrest) i z rodzaju Vaccinium (np. żurawina, borówki czarne), świeże, gdzie indziej niesklasyfikowane;NazwaLacinskaUprawa Pozostałe owoce jagodowe (np. porzeczki, agrest) i z rodzaju Vaccinium (np. żurawina, borówki czarne), świeże, gdzie indziej niesklasyfikowane;NazwaSynonimyUprawa Pozostałe owoce jagodowe (np. porzeczki, agrest) i z rodzaju Vaccinium (np. żurawina, borówki czarne), świeże, gdzie indziej niesklasyfikowane;OpisUprawa Pozostałe owoce jagodowe (np. porzeczki, agrest) i z rodzaju Vaccinium (np. żurawina, borówki czarne), świeże, gdzie indziej niesklasyfikowane;UwagiUprawa Pozostałe owoce jagodowe (np. porzeczki, agrest) i z rodzaju Vaccinium (np. żurawina, borówki czarne), świeże, gdzie indziej niesklasyfikowane;True;True;True;True;True;True;True;True;True;True;"False";Z;Zmodyfikowany;2025-03-25 19:09:41;Darek Osuch;2025-03-25 19:09:41;Darek Osuch;;
01.25.20.0;01.25.20;NASIONA OWOCÓW;NazwaLacinskaUprawa NASIONA OWOCÓW;NazwaSynonimyUprawa NASIONA OWOCÓW;OpisUprawa NASIONA OWOCÓW;UwagiUprawa NASIONA OWOCÓW;True;True;True;True;"False";True;"False";True;True;True;True;Z;Zmodyfikowany;2025-03-25 19:09:41;Darek Osuch;2025-03-25 19:09:41;Darek Osuch;;
01.25.31.0;01.25.31;Migdały;NazwaLacinskaUprawa Migdały;NazwaSynonimyUprawa Migdały;OpisUprawa Migdały;UwagiUprawa Migdały;True;True;True;"False";True;"False";True;True;True;True;True;Z;Zmodyfikowany;2025-03-25 19:09:41;Darek Osuch;2025-03-25 19:09:41;Darek Osuch;;
01.25.32.0;01.25.32;Kasztany jadalne;NazwaLacinskaUprawa Kasztany jadalne;NazwaSynonimyUprawa Kasztany jadalne;OpisUprawa Kasztany jadalne;UwagiUprawa Kasztany jadalne;True;True;"False";True;True;True;True;True;True;True;True;Z;Zmodyfikowany;2025-03-25 19:09:41;Darek Osuch;2025-03-25 19:09:41;Darek Osuch;;
01.25.33.0;01.25.33;Orzechy laskowe;NazwaLacinskaUprawa Orzechy laskowe;NazwaSynonimyUprawa Orzechy laskowe;OpisUprawa Orzechy laskowe;UwagiUprawa Orzechy laskowe;"False";True;"False";True;"False";True;True;True;"False";True;True;Z;Zmodyfikowany;2025-03-25 19:09:41;Darek Osuch;2025-03-25 19:09:41;Darek Osuch;;
01.25.34.0;01.25.34;Pistacje;NazwaLacinskaUprawa Pistacje;NazwaSynonimyUprawa Pistacje;OpisUprawa Pistacje;UwagiUprawa Pistacje;"False";True;True;True;"False";True;True;True;True;"False";True;Z;Zmodyfikowany;2025-03-25 19:09:41;Darek Osuch;2025-03-25 19:09:41;Darek Osuch;;
01.25.35.0;01.25.35;Orzechy włoskie;NazwaLacinskaUprawa Orzechy włoskie;NazwaSynonimyUprawa Orzechy włoskie;OpisUprawa Orzechy włoskie;UwagiUprawa Orzechy włoskie;True;True;True;True;True;"False";True;"False";True;"False";True;Z;Zmodyfikowany;2025-03-25 19:09:41;Darek Osuch;2025-03-25 19:09:41;Darek Osuch;;
01.25.39.0;01.25.39;Pozostałe orzechy w łupinach (z wyłączeniem jadalnych orzechów dziko rosnących, orzeszków ziemnych i orzechów kokosowych);NazwaLacinskaUprawa Pozostałe orzechy w łupinach (z wyłączeniem jadalnych orzechów dziko rosnących, orzeszków ziemnych i orzechów kokosowych);NazwaSynonimyUprawa Pozostałe orzechy w łupinach (z wyłączeniem jadalnych orzechów dziko rosnących, orzeszków ziemnych i orzechów kokosowych);OpisUprawa Pozostałe orzechy w łupinach (z wyłączeniem jadalnych orzechów dziko rosnących, orzeszków ziemnych i orzechów kokosowych);UwagiUprawa Pozostałe orzechy w łupinach (z wyłączeniem jadalnych orzechów dziko rosnących, orzeszków ziemnych i orzechów kokosowych);True;True;True;True;True;True;True;True;True;True;True;Z;Zmodyfikowany;2025-03-25 19:09:41;Darek Osuch;2025-03-25 19:09:41;Darek Osuch;;
01.25.90.0;01.25.90;POZOSTAŁE OWOCE, GDZIE INDZIEJ NIESKLASYFIKOWANE;NazwaLacinskaUprawa POZOSTAŁE OWOCE, GDZIE INDZIEJ NIESKLASYFIKOWANE;NazwaSynonimyUprawa POZOSTAŁE OWOCE, GDZIE INDZIEJ NIESKLASYFIKOWANE;OpisUprawa POZOSTAŁE OWOCE, GDZIE INDZIEJ NIESKLASYFIKOWANE;UwagiUprawa POZOSTAŁE OWOCE, GDZIE INDZIEJ NIESKLASYFIKOWANE;True;True;True;True;"False";True;True;True;True;True;"False";Z;Zmodyfikowany;2025-03-25 19:09:41;Darek Osuch;2025-03-25 19:09:41;Darek Osuch;;
01.26.11.0;01.26.11;Oliwki stołowe;NazwaLacinskaUprawa Oliwki stołowe;NazwaSynonimyUprawa Oliwki stołowe;OpisUprawa Oliwki stołowe;UwagiUprawa Oliwki stołowe;True;True;True;True;True;True;True;True;True;True;True;Z;Zmodyfikowany;2025-03-25 19:09:41;Darek Osuch;2025-03-25 19:09:41;Darek Osuch;;
01.26.12.0;01.26.12;Oliwki do produkcji oliwy;NazwaLacinskaUprawa Oliwki do produkcji oliwy;NazwaSynonimyUprawa Oliwki do produkcji oliwy;OpisUprawa Oliwki do produkcji oliwy;UwagiUprawa Oliwki do produkcji oliwy;True;"False";True;True;True;True;True;True;True;True;True;Z;Zmodyfikowany;2025-03-25 19:09:41;Darek Osuch;2025-03-25 19:09:41;Darek Osuch;;
01.26.20.0;01.26.20;ORZECHY KOKOSOWE;NazwaLacinskaUprawa ORZECHY KOKOSOWE;NazwaSynonimyUprawa ORZECHY KOKOSOWE;OpisUprawa ORZECHY KOKOSOWE;UwagiUprawa ORZECHY KOKOSOWE;True;True;True;True;True;True;True;True;True;True;True;Z;Zmodyfikowany;2025-03-25 19:09:41;Darek Osuch;2025-03-25 19:09:41;Darek Osuch;;
01.26.90.0;01.26.90;POZOSTAŁE OWOCE OLEISTE, GDZIE INDZIEJ NIESKLASYFIKOWANE;NazwaLacinskaUprawa POZOSTAŁE OWOCE OLEISTE, GDZIE INDZIEJ NIESKLASYFIKOWANE;NazwaSynonimyUprawa POZOSTAŁE OWOCE OLEISTE, GDZIE INDZIEJ NIESKLASYFIKOWANE;OpisUprawa POZOSTAŁE OWOCE OLEISTE, GDZIE INDZIEJ NIESKLASYFIKOWANE;UwagiUprawa POZOSTAŁE OWOCE OLEISTE, GDZIE INDZIEJ NIESKLASYFIKOWANE;True;True;True;True;True;"False";True;True;True;True;True;Z;Zmodyfikowany;2025-03-25 19:09:41;Darek Osuch;2025-03-25 19:09:41;Darek Osuch;;
01.27.11.0;01.27.11;Kawa niepalona;NazwaLacinskaUprawa Kawa niepalona;NazwaSynonimyUprawa Kawa niepalona;OpisUprawa Kawa niepalona;UwagiUprawa Kawa niepalona;"False";True;True;"False";True;True;True;True;True;True;True;Z;Zmodyfikowany;2025-03-25 19:09:41;Darek Osuch;2025-03-25 19:09:41;Darek Osuch;;
01.27.12.0;01.27.12;Herbata;NazwaLacinskaUprawa Herbata;NazwaSynonimyUprawa Herbata;OpisUprawa Herbata;UwagiUprawa Herbata;"False";"False";True;True;"False";True;True;True;True;True;True;Z;Zmodyfikowany;2025-03-25 19:09:41;Darek Osuch;2025-03-25 19:09:41;Darek Osuch;;
01.27.13.0;01.27.13;Maté (herbata paragwajska);NazwaLacinskaUprawa Maté (herbata paragwajska);NazwaSynonimyUprawa Maté (herbata paragwajska);OpisUprawa Maté (herbata paragwajska);UwagiUprawa Maté (herbata paragwajska);True;True;True;True;True;True;True;True;True;True;True;Z;Zmodyfikowany;2025-03-25 19:09:41;Darek Osuch;2025-03-25 19:09:41;Darek Osuch;;
01.27.14.0;01.27.14;Ziarna kakao;NazwaLacinskaUprawa Ziarna kakao;NazwaSynonimyUprawa Ziarna kakao;OpisUprawa Ziarna kakao;UwagiUprawa Ziarna kakao;True;True;"False";True;True;True;True;True;True;True;True;Z;Zmodyfikowany;2025-03-25 19:09:41;Darek Osuch;2025-03-25 19:09:41;Darek Osuch;;
01.28.11.0;01.28.11;Pieprz surowy z rodzaju Piper;NazwaLacinskaUprawa Pieprz surowy z rodzaju Piper;NazwaSynonimyUprawa Pieprz surowy z rodzaju Piper;OpisUprawa Pieprz surowy z rodzaju Piper;UwagiUprawa Pieprz surowy z rodzaju Piper;True;True;True;True;True;True;True;True;True;True;"False";Z;Zmodyfikowany;2025-03-25 19:09:41;Darek Osuch;2025-03-25 19:09:41;Darek Osuch;;
01.28.12.0;01.28.12;Chili i słodka papryka (z rodzaju Capsicum), surowe, suszone;NazwaLacinskaUprawa Chili i słodka papryka (z rodzaju Capsicum), surowe, suszone;NazwaSynonimyUprawa Chili i słodka papryka (z rodzaju Capsicum), surowe, suszone;OpisUprawa Chili i słodka papryka (z rodzaju Capsicum), surowe, suszone;UwagiUprawa Chili i słodka papryka (z rodzaju Capsicum), surowe, suszone;True;True;True;True;"False";True;True;True;True;True;True;Z;Zmodyfikowany;2025-03-25 19:09:41;Darek Osuch;2025-03-25 19:09:41;Darek Osuch;;
01.28.13.0;01.28.13;Gałka muszkatołowa, kwiat muszkatołowy i kardamon, surowe;NazwaLacinskaUprawa Gałka muszkatołowa, kwiat muszkatołowy i kardamon, surowe;NazwaSynonimyUprawa Gałka muszkatołowa, kwiat muszkatołowy i kardamon, surowe;OpisUprawa Gałka muszkatołowa, kwiat muszkatołowy i kardamon, surowe;UwagiUprawa Gałka muszkatołowa, kwiat muszkatołowy i kardamon, surowe;"False";True;True;"False";True;True;True;True;True;True;True;Z;Zmodyfikowany;2025-03-25 19:09:41;Darek Osuch;2025-03-25 19:09:41;Darek Osuch;;
01.28.14.0;01.28.14;Anyż, badian, kolendra, kmin, kminek, koper i jagody jałowca, surowe;NazwaLacinskaUprawa Anyż, badian, kolendra, kmin, kminek, koper i jagody jałowca, surowe;NazwaSynonimyUprawa Anyż, badian, kolendra, kmin, kminek, koper i jagody jałowca, surowe;OpisUprawa Anyż, badian, kolendra, kmin, kminek, koper i jagody jałowca, surowe;UwagiUprawa Anyż, badian, kolendra, kmin, kminek, koper i jagody jałowca, surowe;"False";True;True;True;True;True;True;True;True;"False";True;Z;Zmodyfikowany;2025-03-25 19:09:41;Darek Osuch;2025-03-25 19:09:41;Darek Osuch;;
01.28.15.0;01.28.15;Cynamon surowy i kwiaty cynamonowca;NazwaLacinskaUprawa Cynamon surowy i kwiaty cynamonowca;NazwaSynonimyUprawa Cynamon surowy i kwiaty cynamonowca;OpisUprawa Cynamon surowy i kwiaty cynamonowca;UwagiUprawa Cynamon surowy i kwiaty cynamonowca;"False";True;True;True;True;True;"False";True;True;True;True;Z;Zmodyfikowany;2025-03-25 19:09:41;Darek Osuch;2025-03-25 19:09:41;Darek Osuch;;
01.28.16.0;01.28.16;Goździki (całe owoce, kwiaty i szypułki) surowe;NazwaLacinskaUprawa Goździki (całe owoce, kwiaty i szypułki) surowe;NazwaSynonimyUprawa Goździki (całe owoce, kwiaty i szypułki) surowe;OpisUprawa Goździki (całe owoce, kwiaty i szypułki) surowe;UwagiUprawa Goździki (całe owoce, kwiaty i szypułki) surowe;True;True;True;True;True;True;True;True;True;True;True;Z;Zmodyfikowany;2025-03-25 19:09:41;Darek Osuch;2025-03-25 19:09:41;Darek Osuch;;
01.28.17.0;01.28.17;Imbir surowy, suszony;NazwaLacinskaUprawa Imbir surowy, suszony;NazwaSynonimyUprawa Imbir surowy, suszony;OpisUprawa Imbir surowy, suszony;UwagiUprawa Imbir surowy, suszony;True;True;True;True;True;True;"False";True;True;True;True;Z;Zmodyfikowany;2025-03-25 19:09:41;Darek Osuch;2025-03-25 19:09:41;Darek Osuch;;
01.28.18.0;01.28.18;Wanilia surowa;NazwaLacinskaUprawa Wanilia surowa;NazwaSynonimyUprawa Wanilia surowa;OpisUprawa Wanilia surowa;UwagiUprawa Wanilia surowa;True;True;True;True;True;True;True;True;True;True;True;Z;Zmodyfikowany;2025-03-25 19:09:41;Darek Osuch;2025-03-25 19:09:41;Darek Osuch;;
01.28.19.0;01.28.19;Pozostałe nieprzetworzone rośliny przyprawowe i aromatyczne;NazwaLacinskaUprawa Pozostałe nieprzetworzone rośliny przyprawowe i aromatyczne;NazwaSynonimyUprawa Pozostałe nieprzetworzone rośliny przyprawowe i aromatyczne;OpisUprawa Pozostałe nieprzetworzone rośliny przyprawowe i aromatyczne;UwagiUprawa Pozostałe nieprzetworzone rośliny przyprawowe i aromatyczne;True;True;True;True;"False";True;True;True;True;True;True;Z;Zmodyfikowany;2025-03-25 19:09:41;Darek Osuch;2025-03-25 19:09:41;Darek Osuch;;
01.28.20.0;01.28.20;Szyszki chmielowe;NazwaLacinskaUprawa Szyszki chmielowe;NazwaSynonimyUprawa Szyszki chmielowe;OpisUprawa Szyszki chmielowe;UwagiUprawa Szyszki chmielowe;True;True;True;True;True;True;True;True;"False";True;True;Z;Zmodyfikowany;2025-03-25 19:09:41;Darek Osuch;2025-03-25 19:09:41;Darek Osuch;;
01.28.30.0;01.28.30;Rośliny wykorzystywane głównie w przemyśle perfumeryjnym, farmacji lub dla celów owadobójczych, grzybobójczych i innych podobnych;NazwaLacinskaUprawa Rośliny wykorzystywane głównie w przemyśle perfumeryjnym, farmacji lub dla celów owadobójczych, grzybobójczych i innych podobnych;NazwaSynonimyUprawa Rośliny wykorzystywane głównie w przemyśle perfumeryjnym, farmacji lub dla celów owadobójczych, grzybobójczych i innych podobnych;OpisUprawa Rośliny wykorzystywane głównie w przemyśle perfumeryjnym, farmacji lub dla celów owadobójczych, grzybobójczych i innych podobnych;UwagiUprawa Rośliny wykorzystywane głównie w przemyśle perfumeryjnym, farmacji lub dla celów owadobójczych, grzybobójczych i innych podobnych;True;True;True;True;True;True;True;True;"False";"False";True;Z;Zmodyfikowany;2025-03-25 19:09:41;Darek Osuch;2025-03-25 19:09:41;Darek Osuch;;
01.29.10.0;01.29.10;Kauczuk naturalny;NazwaLacinskaUprawa Kauczuk naturalny;NazwaSynonimyUprawa Kauczuk naturalny;OpisUprawa Kauczuk naturalny;UwagiUprawa Kauczuk naturalny;True;True;"False";True;True;True;True;True;True;True;True;Z;Zmodyfikowany;2025-03-25 19:09:41;Darek Osuch;2025-03-25 19:09:42;Darek Osuch;;
01.29.20.0;01.29.20;Choinki świąteczne cięte;NazwaLacinskaUprawa Choinki świąteczne cięte;NazwaSynonimyUprawa Choinki świąteczne cięte;OpisUprawa Choinki świąteczne cięte;UwagiUprawa Choinki świąteczne cięte;True;True;True;True;True;True;"False";"False";True;True;True;Z;Zmodyfikowany;2025-03-25 19:09:42;Darek Osuch;2025-03-25 19:09:42;Darek Osuch;;
01.29.30.0;01.29.30;Materiały roślinne w rodzaju stosowanych głównie do wyplatania, wyściełania, wypychania lub w farbowaniu lub garbowaniu;NazwaLacinskaUprawa Materiały roślinne w rodzaju stosowanych głównie do wyplatania, wyściełania, wypychania lub w farbowaniu lub garbowaniu;NazwaSynonimyUprawa Materiały roślinne w rodzaju stosowanych głównie do wyplatania, wyściełania, wypychania lub w farbowaniu lub garbowaniu;OpisUprawa Materiały roślinne w rodzaju stosowanych głównie do wyplatania, wyściełania, wypychania lub w farbowaniu lub garbowaniu;UwagiUprawa Materiały roślinne w rodzaju stosowanych głównie do wyplatania, wyściełania, wypychania lub w farbowaniu lub garbowaniu;True;True;True;True;"False";True;True;True;"False";True;True;Z;Zmodyfikowany;2025-03-25 19:09:42;Darek Osuch;2025-03-25 19:09:42;Darek Osuch;;
01.30.10.0;01.30.10;"Materiał nasadzeniowy: rośliny żywe, cebulki, bulwy i korzenie, sadzonki i szczepy; grzybnia";"NazwaLacinskaUprawa Materiał nasadzeniowy: rośliny żywe, cebulki, bulwy i korzenie, sadzonki i szczepy; grzybnia";"NazwaSynonimyUprawa Materiał nasadzeniowy: rośliny żywe, cebulki, bulwy i korzenie, sadzonki i szczepy; grzybnia";"OpisUprawa Materiał nasadzeniowy: rośliny żywe, cebulki, bulwy i korzenie, sadzonki i szczepy; grzybnia";"UwagiUprawa Materiał nasadzeniowy: rośliny żywe, cebulki, bulwy i korzenie, sadzonki i szczepy; grzybnia";"False";True;True;True;True;True;True;True;True;True;"False";Z;Zmodyfikowany;2025-03-25 19:09:42;Darek Osuch;2025-03-25 19:09:42;Darek Osuch;;
