IdUprawa_Produkt;IdUprawa;IdProdukt;NazwaUprawa_Produkt;IdStatus;Status;DataDodania;DodanyPrzez;DataModyfikacji;ZmodyfikowanyPrzez;DataUsuniecia;UsunietyPrzez
01_01;01;01;PRODUKTY ROLNICTWA I ŁOWIECTWA ORAZ USŁUGI WSPOMAGAJĄCE PRODUKTY ROLNICTWA I ŁOWIECTWA ORAZ USŁUGI WSPOMAGAJĄCE;Z;Zmodyfikowany;2025-03-25 19:13:37;Darek Osuch;2025-04-13 00:53:27;Darek Osuch;;
01.1_01.1;01.1;01.1;ROŚLINY INNE NIŻ WIELOLETNIE ROŚLINY INNE NIŻ WIELOLETNIE;Z;Zmodyfikowany;2025-03-25 19:13:37;Darek Osuch;2025-04-13 00:53:27;Darek Osuch;;
01.11_01.11;01.11;01.11;ZBOŻA, ROŚLINY STRĄCZKOWE ORAZ NASIONA OLEISTE, Z WYŁĄCZENIEM RYŻU ZBOŻA, ROŚLINY STRĄCZKOWE ORAZ NASIONA OLEISTE, Z WYŁĄCZENIEM RYŻU;Z;Zmodyfikowany;2025-03-25 19:13:37;Darek Osuch;2025-04-13 00:53:27;Darek Osuch;;
01.11.1_01.11.1;01.11.1;01.11.1;PSZENICA PSZENICA;Z;Zmodyfikowany;2025-03-25 19:13:37;Darek Osuch;2025-04-13 00:53:27;Darek Osuch;;
01.11.11_01.11.11;01.11.11;01.11.11;Pszenica durum Pszenica durum;Z;Zmodyfikowany;2025-03-25 19:13:37;Darek Osuch;2025-04-13 00:53:27;Darek Osuch;;
01.11.11.0_01.11.11.0;01.11.11.0;01.11.11.0;Pszenica durum Pszenica durum;Z;Zmodyfikowany;2025-03-25 19:09:19;Darek Osuch;2025-04-13 00:55:40;Darek Osuch;;
01.11.12_01.11.12;01.11.12;01.11.12;Pozostała pszenica Pozostała pszenica;Z;Zmodyfikowany;2025-03-25 19:13:37;Darek Osuch;2025-04-13 00:55:32;Darek Osuch;;
01.11.12.0_01.11.12.0;01.11.12.0;01.11.12.0;Pozostała pszenica Pozostała pszenica;Z;Zmodyfikowany;2025-03-25 19:09:38;Darek Osuch;2025-03-25 19:09:38;Darek Osuch;;
01.11.2_01.11.2;01.11.2;01.11.2;Kukurydza Kukurydza;Z;Zmodyfikowany;2025-03-25 19:13:37;Darek Osuch;2025-04-13 00:53:27;Darek Osuch;;
01.11.20_01.11.20;01.11.20;01.11.20;Kukurydza Kukurydza;Z;Zmodyfikowany;2025-03-25 19:13:37;Darek Osuch;2025-03-25 19:13:37;Darek Osuch;;
01.11.20.0_01.11.20.0;01.11.20.0;01.11.20.0;Kukurydza (z wyłączeniem kukurydzy cukrowej i pastewnej) Kukurydza (z wyłączeniem kukurydzy cukrowej i pastewnej);Z;Zmodyfikowany;2025-03-25 19:09:38;Darek Osuch;2025-03-25 19:09:38;Darek Osuch;;
01.11.3_01.11.3;01.11.3;01.11.3;JĘCZMIEŃ, ŻYTO I OWIES JĘCZMIEŃ, ŻYTO I OWIES;D;Dodany;2025-04-13 00:52:43;Darek Osuch;;;;
01.11.31_01.11.31;01.11.31;01.11.31;Jęczmień Jęczmień;Z;Zmodyfikowany;2025-03-25 19:13:37;Darek Osuch;2025-03-25 19:13:37;Darek Osuch;;
01.11.31.0_01.11.31.0;01.11.31.0;01.11.31.0;Jęczmień Jęczmień;Z;Zmodyfikowany;2025-03-25 19:09:38;Darek Osuch;2025-03-25 19:09:38;Darek Osuch;;
01.11.32_01.11.32;01.11.32;01.11.32;Żyto Żyto;Z;Zmodyfikowany;2025-03-25 19:13:37;Darek Osuch;2025-03-25 19:13:37;Darek Osuch;;
01.11.32.0_01.11.32.0;01.11.32.0;01.11.32.0;Żyto Żyto;Z;Zmodyfikowany;2025-03-25 19:09:38;Darek Osuch;2025-03-25 19:09:38;Darek Osuch;;
01.11.33_01.11.33;01.11.33;01.11.33;Owies Owies;Z;Zmodyfikowany;2025-03-25 19:13:37;Darek Osuch;2025-03-25 19:13:37;Darek Osuch;;
01.11.33.0_01.11.33.0;01.11.33.0;01.11.33.0;Owies Owies;Z;Zmodyfikowany;2025-03-25 19:09:38;Darek Osuch;2025-03-25 19:09:38;Darek Osuch;;
01.11.4_01.11.4;01.11.4;01.11.4;SORGO, PROSO I POZOSTAŁE ZBOŻA SORGO, PROSO I POZOSTAŁE ZBOŻA;Z;Zmodyfikowany;2025-03-25 19:13:37;Darek Osuch;2025-04-13 00:53:27;Darek Osuch;;
01.11.41_01.11.41;01.11.41;01.11.41;Sorgo Sorgo;Z;Zmodyfikowany;2025-03-25 19:13:37;Darek Osuch;2025-03-25 19:13:37;Darek Osuch;;
01.11.41.0_01.11.41.0;01.11.41.0;01.11.41.0;Sorgo Sorgo;Z;Zmodyfikowany;2025-03-25 19:09:38;Darek Osuch;2025-03-25 19:09:38;Darek Osuch;;
01.11.42_01.11.42;01.11.42;01.11.42;Proso Proso;Z;Zmodyfikowany;2025-03-25 19:13:37;Darek Osuch;2025-03-25 19:13:37;Darek Osuch;;
01.11.42.0_01.11.42.0;01.11.42.0;01.11.42.0;Proso Proso;Z;Zmodyfikowany;2025-03-25 19:09:38;Darek Osuch;2025-03-25 19:09:38;Darek Osuch;;
01.11.43_01.11.43;01.11.43;01.11.43;Pszenżyto Pszenżyto;Z;Zmodyfikowany;2025-03-25 19:13:37;Darek Osuch;2025-03-25 19:13:37;Darek Osuch;;
01.11.43.0_01.11.43.0;01.11.43.0;01.11.43.0;Pszenżyto Pszenżyto;Z;Zmodyfikowany;2025-03-25 19:09:38;Darek Osuch;2025-03-25 19:09:38;Darek Osuch;;
01.11.49_01.11.49;01.11.49;01.11.49;Pozostałe zboża Pozostałe zboża;Z;Zmodyfikowany;2025-03-25 19:13:37;Darek Osuch;2025-03-25 19:13:37;Darek Osuch;;
01.11.49.0_01.11.49.0;01.11.49.0;01.11.49.0;Pozostałe zboża Pozostałe zboża;Z;Zmodyfikowany;2025-03-25 19:09:38;Darek Osuch;2025-03-25 19:09:38;Darek Osuch;;
01.11.5_01.11.5;01.11.5;01.11.5;Słoma i plewy zbóż Słoma i plewy zbóż;Z;Zmodyfikowany;2025-03-25 19:13:37;Darek Osuch;2025-04-13 00:53:27;Darek Osuch;;
01.11.50_01.11.50;01.11.50;01.11.50;Słoma i plewy zbóż Słoma i plewy zbóż;Z;Zmodyfikowany;2025-03-25 19:13:37;Darek Osuch;2025-03-25 19:13:37;Darek Osuch;;
01.11.50.0_01.11.50.0;01.11.50.0;01.11.50.0;Słoma i plewy zbóż Słoma i plewy zbóż;Z;Zmodyfikowany;2025-03-25 19:09:38;Darek Osuch;2025-03-25 19:09:38;Darek Osuch;;
01.11.6_01.11.6;01.11.6;01.11.6;WARZYWA STRĄCZKOWE, ŚWIEŻE LUB SCHŁODZONE WARZYWA STRĄCZKOWE, ŚWIEŻE LUB SCHŁODZONE;Z;Zmodyfikowany;2025-03-25 19:13:37;Darek Osuch;2025-04-13 00:53:27;Darek Osuch;;
01.11.61_01.11.61;01.11.61;01.11.61;Fasola Fasola;Z;Zmodyfikowany;2025-03-25 19:13:37;Darek Osuch;2025-03-25 19:13:37;Darek Osuch;;
01.11.61.0_01.11.61.0;01.11.61.0;01.11.61.0;Fasola Fasola;Z;Zmodyfikowany;2025-03-25 19:09:38;Darek Osuch;2025-03-25 19:09:38;Darek Osuch;;
01.11.62_01.11.62;01.11.62;01.11.62;Groch Groch;Z;Zmodyfikowany;2025-03-25 19:13:37;Darek Osuch;2025-03-25 19:13:37;Darek Osuch;;
01.11.62.0_01.11.62.0;01.11.62.0;01.11.62.0;Groch Groch;Z;Zmodyfikowany;2025-03-25 19:09:38;Darek Osuch;2025-03-25 19:09:38;Darek Osuch;;
01.11.69_01.11.69;01.11.69;01.11.69;Pozostałe warzywa strączkowe, świeże lub schłodzone Pozostałe warzywa strączkowe, świeże lub schłodzone;Z;Zmodyfikowany;2025-03-25 19:13:37;Darek Osuch;2025-03-25 19:13:37;Darek Osuch;;
01.11.69.0_01.11.69.0;01.11.69.0;01.11.69.0;Pozostałe warzywa strączkowe, świeże lub schłodzone Pozostałe warzywa strączkowe, świeże lub schłodzone;Z;Zmodyfikowany;2025-03-25 19:09:38;Darek Osuch;2025-03-25 19:09:38;Darek Osuch;;
01.11.7_01.11.7;01.11.7;01.11.7;WARZYWA STRĄCZKOWE SUSZONE WARZYWA STRĄCZKOWE SUSZONE;Z;Zmodyfikowany;2025-03-25 19:13:37;Darek Osuch;2025-04-13 00:53:27;Darek Osuch;;
01.11.71_01.11.71;01.11.71;01.11.71;Fasola, suszona Fasola, suszona;Z;Zmodyfikowany;2025-03-25 19:13:37;Darek Osuch;2025-03-25 19:13:37;Darek Osuch;;
01.11.71.0_01.11.71.0;01.11.71.0;01.11.71.0;Fasola, suszona Fasola, suszona;Z;Zmodyfikowany;2025-03-25 19:09:38;Darek Osuch;2025-03-25 19:09:38;Darek Osuch;;
01.11.72_01.11.72;01.11.72;01.11.72;Bób i bobik, suszone Bób i bobik, suszone;Z;Zmodyfikowany;2025-03-25 19:13:37;Darek Osuch;2025-03-25 19:13:37;Darek Osuch;;
01.11.72.0_01.11.72.0;01.11.72.0;01.11.72.0;Bób i bobik, suszone Bób i bobik, suszone;Z;Zmodyfikowany;2025-03-25 19:09:38;Darek Osuch;2025-03-25 19:09:38;Darek Osuch;;
01.11.73_01.11.73;01.11.73;01.11.73;Ciecierzyca (cieciorka), suszona Ciecierzyca (cieciorka), suszona;Z;Zmodyfikowany;2025-03-25 19:13:37;Darek Osuch;2025-03-25 19:13:37;Darek Osuch;;
01.11.73.0_01.11.73.0;01.11.73.0;01.11.73.0;Ciecierzyca (cieciorka), suszona Ciecierzyca (cieciorka), suszona;Z;Zmodyfikowany;2025-03-25 19:09:38;Darek Osuch;2025-03-25 19:09:38;Darek Osuch;;
01.11.74_01.11.74;01.11.74;01.11.74;Soczewica, suszona Soczewica, suszona;Z;Zmodyfikowany;2025-03-25 19:13:37;Darek Osuch;2025-03-25 19:13:37;Darek Osuch;;
01.11.74.0_01.11.74.0;01.11.74.0;01.11.74.0;Soczewica, suszona Soczewica, suszona;Z;Zmodyfikowany;2025-03-25 19:09:38;Darek Osuch;2025-03-25 19:09:38;Darek Osuch;;
01.11.75_01.11.75;01.11.75;01.11.75;Groch, suszony Groch, suszony;Z;Zmodyfikowany;2025-03-25 19:13:37;Darek Osuch;2025-03-25 19:13:37;Darek Osuch;;
01.11.75.0_01.11.75.0;01.11.75.0;01.11.75.0;Groch, suszony Groch, suszony;Z;Zmodyfikowany;2025-03-25 19:09:38;Darek Osuch;2025-03-25 19:09:38;Darek Osuch;;
01.11.76_01.11.76;01.11.76;01.11.76;Fasolnik chiński, suszony Fasolnik chiński, suszony;Z;Zmodyfikowany;2025-03-25 19:13:37;Darek Osuch;2025-03-25 19:13:37;Darek Osuch;;
01.11.76.0_01.11.76.0;01.11.76.0;01.11.76.0;Fasolnik chiński, suszony Fasolnik chiński, suszony;Z;Zmodyfikowany;2025-03-25 19:09:38;Darek Osuch;2025-03-25 19:09:38;Darek Osuch;;
01.11.77_01.11.77;01.11.77;01.11.77;Nikla indyjska, suszona Nikla indyjska, suszona;Z;Zmodyfikowany;2025-03-25 19:13:37;Darek Osuch;2025-03-25 19:13:38;Darek Osuch;;
01.11.77.0_01.11.77.0;01.11.77.0;01.11.77.0;Nikla indyjska, suszona Nikla indyjska, suszona;Z;Zmodyfikowany;2025-03-25 19:09:38;Darek Osuch;2025-03-25 19:09:38;Darek Osuch;;
01.11.79_01.11.79;01.11.79;01.11.79;Warzywa strączkowe suszone, gdzie indziej niesklasyfikowane Warzywa strączkowe suszone, gdzie indziej niesklasyfikowane;Z;Zmodyfikowany;2025-03-25 19:13:38;Darek Osuch;2025-03-25 19:13:38;Darek Osuch;;
01.11.79.0_01.11.79.0;01.11.79.0;01.11.79.0;Warzywa strączkowe suszone, gdzie indziej niesklasyfikowane Warzywa strączkowe suszone, gdzie indziej niesklasyfikowane;Z;Zmodyfikowany;2025-03-25 19:09:38;Darek Osuch;2025-03-25 19:09:38;Darek Osuch;;
01.11.8_01.11.8;01.11.8;01.11.8;NASIONA SOI I ORZESZKI ZIEMNE NASIONA SOI I ORZESZKI ZIEMNE;Z;Zmodyfikowany;2025-03-25 19:13:37;Darek Osuch;2025-04-13 00:53:27;Darek Osuch;;
01.11.81_01.11.81;01.11.81;01.11.81;Nasiona soi Nasiona soi;Z;Zmodyfikowany;2025-03-25 19:13:38;Darek Osuch;2025-03-25 19:13:38;Darek Osuch;;
01.11.81.0_01.11.81.0;01.11.81.0;01.11.81.0;Nasiona soi Nasiona soi;Z;Zmodyfikowany;2025-03-25 19:09:38;Darek Osuch;2025-03-25 19:09:38;Darek Osuch;;
01.11.82_01.11.82;01.11.82;01.11.82;Orzeszki ziemne w łupinach Orzeszki ziemne w łupinach;Z;Zmodyfikowany;2025-03-25 19:13:38;Darek Osuch;2025-03-25 19:13:38;Darek Osuch;;
01.11.82.0_01.11.82.0;01.11.82.0;01.11.82.0;Orzeszki ziemne w łupinach Orzeszki ziemne w łupinach;Z;Zmodyfikowany;2025-03-25 19:09:38;Darek Osuch;2025-03-25 19:09:38;Darek Osuch;;
01.11.9_01.11.9;01.11.9;01.11.9;POZOSTAŁE NASIONA OLEISTE POZOSTAŁE NASIONA OLEISTE;Z;Zmodyfikowany;2025-03-25 19:13:37;Darek Osuch;2025-04-13 00:53:27;Darek Osuch;;
01.11.91_01.11.91;01.11.91;01.11.91;Nasiona lnu Nasiona lnu;Z;Zmodyfikowany;2025-03-25 19:13:38;Darek Osuch;2025-03-25 19:13:38;Darek Osuch;;
01.11.91.0_01.11.91.0;01.11.91.0;01.11.91.0;Nasiona lnu Nasiona lnu;Z;Zmodyfikowany;2025-03-25 19:09:38;Darek Osuch;2025-03-25 19:09:38;Darek Osuch;;
01.11.92_01.11.92;01.11.92;01.11.92;Nasiona gorczycy Nasiona gorczycy;Z;Zmodyfikowany;2025-03-25 19:13:38;Darek Osuch;2025-03-25 19:13:38;Darek Osuch;;
01.11.92.0_01.11.92.0;01.11.92.0;01.11.92.0;Nasiona gorczycy Nasiona gorczycy;Z;Zmodyfikowany;2025-03-25 19:09:38;Darek Osuch;2025-03-25 19:09:38;Darek Osuch;;
01.11.93_01.11.93;01.11.93;01.11.93;Nasiona rzepaku i rzepiku Nasiona rzepaku i rzepiku;Z;Zmodyfikowany;2025-03-25 19:13:38;Darek Osuch;2025-03-25 19:13:38;Darek Osuch;;
01.11.93.0_01.11.93.0;01.11.93.0;01.11.93.0;Nasiona rzepaku i rzepiku Nasiona rzepaku i rzepiku;Z;Zmodyfikowany;2025-03-25 19:09:38;Darek Osuch;2025-03-25 19:09:38;Darek Osuch;;
01.11.94_01.11.94;01.11.94;01.11.94;Nasiona sezamu Nasiona sezamu;Z;Zmodyfikowany;2025-03-25 19:13:38;Darek Osuch;2025-03-25 19:13:38;Darek Osuch;;
01.11.94.0_01.11.94.0;01.11.94.0;01.11.94.0;Nasiona sezamu Nasiona sezamu;Z;Zmodyfikowany;2025-03-25 19:09:38;Darek Osuch;2025-03-25 19:09:38;Darek Osuch;;
01.11.95_01.11.95;01.11.95;01.11.95;Nasiona słonecznika Nasiona słonecznika;Z;Zmodyfikowany;2025-03-25 19:13:38;Darek Osuch;2025-03-25 19:13:38;Darek Osuch;;
01.11.95.0_01.11.95.0;01.11.95.0;01.11.95.0;Nasiona słonecznika Nasiona słonecznika;Z;Zmodyfikowany;2025-03-25 19:09:38;Darek Osuch;2025-03-25 19:09:38;Darek Osuch;;
01.11.96_01.11.96;01.11.96;01.11.96;Nasiona rącznika Nasiona rącznika;Z;Zmodyfikowany;2025-03-25 19:13:38;Darek Osuch;2025-03-25 19:13:38;Darek Osuch;;
01.11.96.0_01.11.96.0;01.11.96.0;01.11.96.0;Nasiona rącznika Nasiona rącznika;Z;Zmodyfikowany;2025-03-25 19:09:38;Darek Osuch;2025-03-25 19:09:38;Darek Osuch;;
01.11.99_01.11.99;01.11.99;01.11.99;Pozostałe nasiona oleiste, gdzie indziej niesklasyfikowane Pozostałe nasiona oleiste, gdzie indziej niesklasyfikowane;Z;Zmodyfikowany;2025-03-25 19:13:38;Darek Osuch;2025-03-25 19:13:38;Darek Osuch;;
01.11.99.0_01.11.99.0;01.11.99.0;01.11.99.0;Pozostałe nasiona oleiste, gdzie indziej niesklasyfikowane Pozostałe nasiona oleiste, gdzie indziej niesklasyfikowane;Z;Zmodyfikowany;2025-03-25 19:09:38;Darek Osuch;2025-03-25 19:09:39;Darek Osuch;;
01.12_01.12;01.12;01.12;RYŻ NIEŁUSKANY RYŻ NIEŁUSKANY;Z;Zmodyfikowany;2025-03-25 19:13:37;Darek Osuch;2025-04-13 00:53:27;Darek Osuch;;
01.12.1_01.12.1;01.12.1;01.12.1;RYŻ NIEŁUSKANY RYŻ NIEŁUSKANY;Z;Zmodyfikowany;2025-03-25 19:13:37;Darek Osuch;2025-04-13 00:53:27;Darek Osuch;;
01.12.10_01.12.10;01.12.10;01.12.10;RYŻ NIEŁUSKANY RYŻ NIEŁUSKANY;Z;Zmodyfikowany;2025-03-25 19:13:38;Darek Osuch;2025-03-25 19:13:38;Darek Osuch;;
01.12.10.0_01.12.10.0;01.12.10.0;01.12.10.0;RYŻ NIEŁUSKANY RYŻ NIEŁUSKANY;Z;Zmodyfikowany;2025-03-25 19:09:39;Darek Osuch;2025-03-25 19:09:39;Darek Osuch;;
01.13_01.13;01.13;01.13;WARZYWA ŚWIEŻE LUB SCHŁODZONE, WŁĄCZAJĄC MELONY ORAZ ROŚLINY KORZENIOWE I BULWIASTE WARZYWA ŚWIEŻE LUB SCHŁODZONE, WŁĄCZAJĄC MELONY ORAZ ROŚLINY KORZENIOWE I BULWIASTE;Z;Zmodyfikowany;2025-03-25 19:13:37;Darek Osuch;2025-04-13 00:53:27;Darek Osuch;;
01.13.1_01.13.1;01.13.1;01.13.1;WARZYWA LIŚCIOWE I ŁODYGOWE WARZYWA LIŚCIOWE I ŁODYGOWE;Z;Zmodyfikowany;2025-03-25 19:13:37;Darek Osuch;2025-04-13 00:53:27;Darek Osuch;;
01.13.11_01.13.11;01.13.11;01.13.11;Szparagi Szparagi;Z;Zmodyfikowany;2025-03-25 19:13:38;Darek Osuch;2025-03-25 19:13:38;Darek Osuch;;
01.13.11.0_01.13.11.0;01.13.11.0;01.13.11.0;Szparagi Szparagi;Z;Zmodyfikowany;2025-03-25 19:09:39;Darek Osuch;2025-03-25 19:09:39;Darek Osuch;;
01.13.12_01.13.12;01.13.12;01.13.12;Kapusta Kapusta;Z;Zmodyfikowany;2025-03-25 19:13:38;Darek Osuch;2025-03-25 19:13:38;Darek Osuch;;
01.13.12.0_01.13.12.0;01.13.12.0;01.13.12.0;Kapusta Kapusta;Z;Zmodyfikowany;2025-03-25 19:09:39;Darek Osuch;2025-03-25 19:09:39;Darek Osuch;;
01.13.13_01.13.13;01.13.13;01.13.13;Kalafiory i brokuły Kalafiory i brokuły;Z;Zmodyfikowany;2025-03-25 19:13:38;Darek Osuch;2025-03-25 19:13:38;Darek Osuch;;
01.13.13.0_01.13.13.0;01.13.13.0;01.13.13.0;Kalafiory i brokuły Kalafiory i brokuły;Z;Zmodyfikowany;2025-03-25 19:09:39;Darek Osuch;2025-03-25 19:09:39;Darek Osuch;;
01.13.14_01.13.14;01.13.14;01.13.14;Sałata Sałata;Z;Zmodyfikowany;2025-03-25 19:13:38;Darek Osuch;2025-03-25 19:13:38;Darek Osuch;;
01.13.14.0_01.13.14.0;01.13.14.0;01.13.14.0;Sałata Sałata;Z;Zmodyfikowany;2025-03-25 19:09:39;Darek Osuch;2025-03-25 19:09:39;Darek Osuch;;
01.13.15_01.13.15;01.13.15;01.13.15;Cykoria Cykoria;Z;Zmodyfikowany;2025-03-25 19:13:38;Darek Osuch;2025-03-25 19:13:38;Darek Osuch;;
01.13.15.0_01.13.15.0;01.13.15.0;01.13.15.0;Cykoria Cykoria;Z;Zmodyfikowany;2025-03-25 19:09:39;Darek Osuch;2025-03-25 19:09:39;Darek Osuch;;
01.13.16_01.13.16;01.13.16;01.13.16;Szpinak Szpinak;Z;Zmodyfikowany;2025-03-25 19:13:38;Darek Osuch;2025-03-25 19:13:38;Darek Osuch;;
01.13.16.0_01.13.16.0;01.13.16.0;01.13.16.0;Szpinak Szpinak;Z;Zmodyfikowany;2025-03-25 19:09:39;Darek Osuch;2025-03-25 19:09:39;Darek Osuch;;
01.13.17_01.13.17;01.13.17;01.13.17;Karczochy Karczochy;Z;Zmodyfikowany;2025-03-25 19:13:38;Darek Osuch;2025-03-25 19:13:38;Darek Osuch;;
01.13.17.0_01.13.17.0;01.13.17.0;01.13.17.0;Karczochy Karczochy;Z;Zmodyfikowany;2025-03-25 19:09:39;Darek Osuch;2025-03-25 19:09:39;Darek Osuch;;
01.13.19_01.13.19;01.13.19;01.13.19;Pozostałe warzywa liściowe i łodygowe Pozostałe warzywa liściowe i łodygowe;Z;Zmodyfikowany;2025-03-25 19:13:38;Darek Osuch;2025-03-25 19:13:38;Darek Osuch;;
01.13.19.0_01.13.19.0;01.13.19.0;01.13.19.0;Pozostałe warzywa liściowe i łodygowe Pozostałe warzywa liściowe i łodygowe;Z;Zmodyfikowany;2025-03-25 19:09:39;Darek Osuch;2025-03-25 19:09:39;Darek Osuch;;
01.13.2_01.13.2;01.13.2;01.13.2;ARBUZY I MELONY ARBUZY I MELONY;Z;Zmodyfikowany;2025-03-25 19:13:37;Darek Osuch;2025-04-13 00:53:27;Darek Osuch;;
01.13.21_01.13.21;01.13.21;01.13.21;Arbuzy Arbuzy;Z;Zmodyfikowany;2025-03-25 19:13:38;Darek Osuch;2025-03-25 19:13:38;Darek Osuch;;
01.13.21.0_01.13.21.0;01.13.21.0;01.13.21.0;Arbuzy Arbuzy;Z;Zmodyfikowany;2025-03-25 19:09:39;Darek Osuch;2025-03-25 19:09:39;Darek Osuch;;
01.13.29_01.13.29;01.13.29;01.13.29;Melony Melony;Z;Zmodyfikowany;2025-03-25 19:13:38;Darek Osuch;2025-03-25 19:13:38;Darek Osuch;;
01.13.29.0_01.13.29.0;01.13.29.0;01.13.29.0;Melony Melony;Z;Zmodyfikowany;2025-03-25 19:09:39;Darek Osuch;2025-03-25 19:09:39;Darek Osuch;;
01.13.3_01.13.3;01.13.3;01.13.3;POZOSTAŁE WARZYWA OWOCOWE POZOSTAŁE WARZYWA OWOCOWE;Z;Zmodyfikowany;2025-03-25 19:13:37;Darek Osuch;2025-04-13 00:53:27;Darek Osuch;;
01.13.31_01.13.31;01.13.31;01.13.31;Papryka i inne warzywa owocowe (wyłącznie z rodzaju Capsicum) Papryka i inne warzywa owocowe (wyłącznie z rodzaju Capsicum);Z;Zmodyfikowany;2025-03-25 19:13:38;Darek Osuch;2025-03-25 19:13:38;Darek Osuch;;
01.13.31.0_01.13.31.0;01.13.31.0;01.13.31.0;Papryka i inne warzywa owocowe (wyłącznie z rodzaju Capsicum) Papryka i inne warzywa owocowe (wyłącznie z rodzaju Capsicum);Z;Zmodyfikowany;2025-03-25 19:09:39;Darek Osuch;2025-03-25 19:09:39;Darek Osuch;;
01.13.32_01.13.32;01.13.32;01.13.32;Ogórki i korniszony Ogórki i korniszony;Z;Zmodyfikowany;2025-03-25 19:13:38;Darek Osuch;2025-03-25 19:13:38;Darek Osuch;;
01.13.32.0_01.13.32.0;01.13.32.0;01.13.32.0;Ogórki i korniszony Ogórki i korniszony;Z;Zmodyfikowany;2025-03-25 19:09:39;Darek Osuch;2025-03-25 19:09:39;Darek Osuch;;
01.13.33_01.13.33;01.13.33;01.13.33;Bakłażany (oberżyny) Bakłażany (oberżyny);Z;Zmodyfikowany;2025-03-25 19:13:38;Darek Osuch;2025-03-25 19:13:38;Darek Osuch;;
01.13.33.0_01.13.33.0;01.13.33.0;01.13.33.0;Bakłażany (oberżyny) Bakłażany (oberżyny);Z;Zmodyfikowany;2025-03-25 19:09:39;Darek Osuch;2025-03-25 19:09:39;Darek Osuch;;
01.13.34_01.13.34;01.13.34;01.13.34;Pomidory Pomidory;Z;Zmodyfikowany;2025-03-25 19:13:38;Darek Osuch;2025-03-25 19:13:38;Darek Osuch;;
01.13.34.0_01.13.34.0;01.13.34.0;01.13.34.0;Pomidory Pomidory;Z;Zmodyfikowany;2025-03-25 19:09:39;Darek Osuch;2025-03-25 19:09:39;Darek Osuch;;
01.13.39_01.13.39;01.13.39;01.13.39;Pozostałe warzywa owocowe, gdzie indziej niesklasyfikowane Pozostałe warzywa owocowe, gdzie indziej niesklasyfikowane;Z;Zmodyfikowany;2025-03-25 19:13:38;Darek Osuch;2025-03-25 19:13:38;Darek Osuch;;
01.13.39.0_01.13.39.0;01.13.39.0;01.13.39.0;Pozostałe, świeże lub schłodzone warzywa owocowe, gdzie indziej niesklasyfikowane Pozostałe, świeże lub schłodzone warzywa owocowe, gdzie indziej niesklasyfikowane;Z;Zmodyfikowany;2025-03-25 19:09:39;Darek Osuch;2025-03-25 19:09:39;Darek Osuch;;
01.13.4_01.13.4;01.13.4;01.13.4;WARZYWA KORZENIOWE, CEBULOWE I BULWIASTE WARZYWA KORZENIOWE, CEBULOWE I BULWIASTE;Z;Zmodyfikowany;2025-03-25 19:13:37;Darek Osuch;2025-04-13 00:53:27;Darek Osuch;;
01.13.41_01.13.41;01.13.41;01.13.41;Marchew i rzepa Marchew i rzepa;Z;Zmodyfikowany;2025-03-25 19:13:38;Darek Osuch;2025-03-25 19:13:38;Darek Osuch;;
01.13.41.0_01.13.41.0;01.13.41.0;01.13.41.0;Marchew i rzepa Marchew i rzepa;Z;Zmodyfikowany;2025-03-25 19:09:39;Darek Osuch;2025-03-25 19:09:39;Darek Osuch;;
01.13.42_01.13.42;01.13.42;01.13.42;Czosnek Czosnek;Z;Zmodyfikowany;2025-03-25 19:13:38;Darek Osuch;2025-03-25 19:13:38;Darek Osuch;;
01.13.42.0_01.13.42.0;01.13.42.0;01.13.42.0;Czosnek Czosnek;Z;Zmodyfikowany;2025-03-25 19:09:39;Darek Osuch;2025-03-25 19:09:39;Darek Osuch;;
01.13.43_01.13.43;01.13.43;01.13.43;Cebula Cebula;Z;Zmodyfikowany;2025-03-25 19:13:38;Darek Osuch;2025-03-25 19:13:38;Darek Osuch;;
01.13.43.0_01.13.43.0;01.13.43.0;01.13.43.0;Cebula Cebula;Z;Zmodyfikowany;2025-03-25 19:09:39;Darek Osuch;2025-03-25 19:09:39;Darek Osuch;;
01.13.44_01.13.44;01.13.44;01.13.44;Pory i pozostałe warzywa z rodziny czosnkowatych Pory i pozostałe warzywa z rodziny czosnkowatych;Z;Zmodyfikowany;2025-03-25 19:13:38;Darek Osuch;2025-03-25 19:13:38;Darek Osuch;;
01.13.44.0_01.13.44.0;01.13.44.0;01.13.44.0;Pory i pozostałe warzywa z rodziny czosnkowatych Pory i pozostałe warzywa z rodziny czosnkowatych;Z;Zmodyfikowany;2025-03-25 19:09:39;Darek Osuch;2025-03-25 19:09:39;Darek Osuch;;
01.13.49_01.13.49;01.13.49;01.13.49;Pozostałe warzywa korzeniowe, cebulowe i bulwiaste, z wyłączeniem warzyw o dużej zawartości skrobi i inuliny Pozostałe warzywa korzeniowe, cebulowe i bulwiaste, z wyłączeniem warzyw o dużej zawartości skrobi i inuliny;Z;Zmodyfikowany;2025-03-25 19:13:38;Darek Osuch;2025-03-25 19:13:38;Darek Osuch;;
01.13.49.0_01.13.49.0;01.13.49.0;01.13.49.0;Pozostałe, świeże lub schłodzone warzywa korzeniowe, cebulowe i bulwiaste, z wyłączeniem warzyw o dużej zawartości skrobi i inuliny Pozostałe, świeże lub schłodzone warzywa korzeniowe, cebulowe i bulwiaste, z wyłączeniem warzyw o dużej zawartości skrobi i inuliny;Z;Zmodyfikowany;2025-03-25 19:09:39;Darek Osuch;2025-03-25 19:09:39;Darek Osuch;;
01.13.5_01.13.5;01.13.5;01.13.5;ZIEMNIAKI I JADALNE KORZENIE I BULWY O DUŻEJ ZAWARTOŚCI SKROBI I INULINY ZIEMNIAKI I JADALNE KORZENIE I BULWY O DUŻEJ ZAWARTOŚCI SKROBI I INULINY;Z;Zmodyfikowany;2025-03-25 19:13:37;Darek Osuch;2025-04-13 00:53:27;Darek Osuch;;
01.13.51_01.13.51;01.13.51;01.13.51;Ziemniaki Ziemniaki;Z;Zmodyfikowany;2025-03-25 19:13:38;Darek Osuch;2025-03-25 19:13:39;Darek Osuch;;
01.13.51.0_01.13.51.0;01.13.51.0;01.13.51.0;Ziemniaki Ziemniaki;Z;Zmodyfikowany;2025-03-25 19:09:39;Darek Osuch;2025-03-25 19:09:39;Darek Osuch;;
01.13.52_01.13.52;01.13.52;01.13.52;Ziemniaki słodkie Ziemniaki słodkie;Z;Zmodyfikowany;2025-03-25 19:13:39;Darek Osuch;2025-03-25 19:13:39;Darek Osuch;;
01.13.52.0_01.13.52.0;01.13.52.0;01.13.52.0;Ziemniaki słodkie (bataty, pataty) Ziemniaki słodkie (bataty, pataty);Z;Zmodyfikowany;2025-03-25 19:09:39;Darek Osuch;2025-03-25 19:09:39;Darek Osuch;;
01.13.53_01.13.53;01.13.53;01.13.53;Maniok (cassava) Maniok (cassava);Z;Zmodyfikowany;2025-03-25 19:13:39;Darek Osuch;2025-03-25 19:13:39;Darek Osuch;;
01.13.53.0_01.13.53.0;01.13.53.0;01.13.53.0;Maniok (cassava) Maniok (cassava);Z;Zmodyfikowany;2025-03-25 19:09:39;Darek Osuch;2025-03-25 19:09:39;Darek Osuch;;
01.13.54_01.13.54;01.13.54;01.13.54;Kolokazja jadalna (taro) Kolokazja jadalna (taro);Z;Zmodyfikowany;2025-03-25 19:13:39;Darek Osuch;2025-03-25 19:13:39;Darek Osuch;;
01.13.54.0_01.13.54.0;01.13.54.0;01.13.54.0;Kolokazja jadalna (taro) Kolokazja jadalna (taro);Z;Zmodyfikowany;2025-03-25 19:09:39;Darek Osuch;2025-03-25 19:09:39;Darek Osuch;;
01.13.59_01.13.59;01.13.59;01.13.59;Pozostałe jadalne korzenie i bulwy o dużej zawartości skrobi i inuliny Pozostałe jadalne korzenie i bulwy o dużej zawartości skrobi i inuliny;Z;Zmodyfikowany;2025-03-25 19:13:39;Darek Osuch;2025-03-25 19:13:39;Darek Osuch;;
01.13.59.0_01.13.59.0;01.13.59.0;01.13.59.0;Pozostałe jadalne korzenie i bulwy o dużej zawartości skrobi i inuliny Pozostałe jadalne korzenie i bulwy o dużej zawartości skrobi i inuliny;Z;Zmodyfikowany;2025-03-25 19:09:39;Darek Osuch;2025-03-25 19:09:39;Darek Osuch;;
01.13.6_01.13.6;01.13.6;01.13.6;Nasiona warzyw, z wyłączeniem nasion buraków cukrowych Nasiona warzyw, z wyłączeniem nasion buraków cukrowych;Z;Zmodyfikowany;2025-03-25 19:13:37;Darek Osuch;2025-04-13 00:53:27;Darek Osuch;;
01.13.60_01.13.60;01.13.60;01.13.60;Nasiona warzyw, z wyłączeniem nasion buraków cukrowych Nasiona warzyw, z wyłączeniem nasion buraków cukrowych;Z;Zmodyfikowany;2025-03-25 19:13:39;Darek Osuch;2025-03-25 19:13:39;Darek Osuch;;
01.13.60.0_01.13.60.0;01.13.60.0;01.13.60.0;Nasiona warzyw, z wyłączeniem nasion buraków cukrowych Nasiona warzyw, z wyłączeniem nasion buraków cukrowych;Z;Zmodyfikowany;2025-03-25 19:09:39;Darek Osuch;2025-03-25 19:09:39;Darek Osuch;;
01.13.7_01.13.7;01.13.7;01.13.7;BURAKI CUKROWE I NASIONA BURAKÓW CUKROWYCH BURAKI CUKROWE I NASIONA BURAKÓW CUKROWYCH;Z;Zmodyfikowany;2025-03-25 19:13:37;Darek Osuch;2025-04-13 00:53:27;Darek Osuch;;
01.13.71_01.13.71;01.13.71;01.13.71;Buraki cukrowe Buraki cukrowe;Z;Zmodyfikowany;2025-03-25 19:13:39;Darek Osuch;2025-03-25 19:13:39;Darek Osuch;;
01.13.71.0_01.13.71.0;01.13.71.0;01.13.71.0;Buraki cukrowe Buraki cukrowe;Z;Zmodyfikowany;2025-03-25 19:09:39;Darek Osuch;2025-03-25 19:09:39;Darek Osuch;;
01.13.72_01.13.72;01.13.72;01.13.72;Nasiona buraków cukrowych Nasiona buraków cukrowych;Z;Zmodyfikowany;2025-03-25 19:13:39;Darek Osuch;2025-03-25 19:13:39;Darek Osuch;;
01.13.72.0_01.13.72.0;01.13.72.0;01.13.72.0;Nasiona buraków cukrowych Nasiona buraków cukrowych;Z;Zmodyfikowany;2025-03-25 19:09:39;Darek Osuch;2025-03-25 19:09:39;Darek Osuch;;
01.13.8_01.13.8;01.13.8;01.13.8;GRZYBY I TRUFLE GRZYBY I TRUFLE;Z;Zmodyfikowany;2025-03-25 19:13:37;Darek Osuch;2025-04-13 00:53:27;Darek Osuch;;
01.13.80_01.13.80;01.13.80;01.13.80;GRZYBY I TRUFLE GRZYBY I TRUFLE;Z;Zmodyfikowany;2025-03-25 19:13:39;Darek Osuch;2025-03-25 19:13:39;Darek Osuch;;
01.13.80.0_01.13.80.0;01.13.80.0;01.13.80.0;GRZYBY I TRUFLE GRZYBY I TRUFLE;Z;Zmodyfikowany;2025-03-25 19:09:39;Darek Osuch;2025-03-25 19:09:39;Darek Osuch;;
01.13.9_01.13.9;01.13.9;01.13.9;WARZYWA ŚWIEŻE, GDZIE INDZIEJ NIESKLASYFIKOWANE WARZYWA ŚWIEŻE, GDZIE INDZIEJ NIESKLASYFIKOWANE;Z;Zmodyfikowany;2025-03-25 19:13:37;Darek Osuch;2025-04-13 00:53:27;Darek Osuch;;
01.13.90_01.13.90;01.13.90;01.13.90;WARZYWA ŚWIEŻE, GDZIE INDZIEJ NIESKLASYFIKOWANE WARZYWA ŚWIEŻE, GDZIE INDZIEJ NIESKLASYFIKOWANE;Z;Zmodyfikowany;2025-03-25 19:13:39;Darek Osuch;2025-03-25 19:13:39;Darek Osuch;;
01.13.90.0_01.13.90.0;01.13.90.0;01.13.90.0;WARZYWA ŚWIEŻE, GDZIE INDZIEJ NIESKLASYFIKOWANE WARZYWA ŚWIEŻE, GDZIE INDZIEJ NIESKLASYFIKOWANE;Z;Zmodyfikowany;2025-03-25 19:09:39;Darek Osuch;2025-03-25 19:09:39;Darek Osuch;;
01.14_01.14;01.14;01.14;TRZCINA CUKROWA TRZCINA CUKROWA;Z;Zmodyfikowany;2025-03-25 19:13:37;Darek Osuch;2025-04-13 00:53:27;Darek Osuch;;
01.14.1_01.14.1;01.14.1;01.14.1;TRZCINA CUKROWA TRZCINA CUKROWA;Z;Zmodyfikowany;2025-03-25 19:13:37;Darek Osuch;2025-04-13 00:53:27;Darek Osuch;;
01.14.10_01.14.10;01.14.10;01.14.10;TRZCINA CUKROWA TRZCINA CUKROWA;Z;Zmodyfikowany;2025-03-25 19:13:39;Darek Osuch;2025-03-25 19:13:39;Darek Osuch;;
01.14.10.0_01.14.10.0;01.14.10.0;01.14.10.0;TRZCINA CUKROWA TRZCINA CUKROWA;Z;Zmodyfikowany;2025-03-25 19:09:39;Darek Osuch;2025-03-25 19:09:40;Darek Osuch;;
01.15_01.15;01.15;01.15;TYTOŃ NIEPRZETWORZONY TYTOŃ NIEPRZETWORZONY;Z;Zmodyfikowany;2025-03-25 19:13:37;Darek Osuch;2025-04-13 00:53:27;Darek Osuch;;
01.15.1_01.15.1;01.15.1;01.15.1;TYTOŃ NIEPRZETWORZONY TYTOŃ NIEPRZETWORZONY;Z;Zmodyfikowany;2025-03-25 19:13:37;Darek Osuch;2025-04-13 00:53:27;Darek Osuch;;
01.15.10_01.15.10;01.15.10;01.15.10;TYTOŃ NIEPRZETWORZONY TYTOŃ NIEPRZETWORZONY;Z;Zmodyfikowany;2025-03-25 19:13:39;Darek Osuch;2025-03-25 19:13:39;Darek Osuch;;
01.15.10.0_01.15.10.0;01.15.10.0;01.15.10.0;TYTOŃ NIEPRZETWORZONY TYTOŃ NIEPRZETWORZONY;Z;Zmodyfikowany;2025-03-25 19:09:40;Darek Osuch;2025-03-25 19:09:40;Darek Osuch;;
01.16_01.16;01.16;01.16;ROŚLINY WŁÓKNISTE ROŚLINY WŁÓKNISTE;Z;Zmodyfikowany;2025-03-25 19:13:37;Darek Osuch;2025-04-13 00:53:27;Darek Osuch;;
01.16.1_01.16.1;01.16.1;01.16.1;ROŚLINY WŁÓKNISTE ROŚLINY WŁÓKNISTE;Z;Zmodyfikowany;2025-03-25 19:13:37;Darek Osuch;2025-04-13 00:53:27;Darek Osuch;;
01.16.11_01.16.11;01.16.11;01.16.11;Bawełna niezgrzeblona i nieczesana Bawełna niezgrzeblona i nieczesana;Z;Zmodyfikowany;2025-03-25 19:13:39;Darek Osuch;2025-03-25 19:13:39;Darek Osuch;;
01.16.11.0_01.16.11.0;01.16.11.0;01.16.11.0;Bawełna niezgrzeblona i nieczesana Bawełna niezgrzeblona i nieczesana;Z;Zmodyfikowany;2025-03-25 19:09:40;Darek Osuch;2025-03-25 19:09:40;Darek Osuch;;
01.16.12_01.16.12;01.16.12;01.16.12;Juta, kenaf i pozostałe włókna tekstylne łykowe, surowe lub roszone, z wyłączeniem lnu, konopi i ramii Juta, kenaf i pozostałe włókna tekstylne łykowe, surowe lub roszone, z wyłączeniem lnu, konopi i ramii;Z;Zmodyfikowany;2025-03-25 19:13:39;Darek Osuch;2025-03-25 19:13:39;Darek Osuch;;
01.16.12.0_01.16.12.0;01.16.12.0;01.16.12.0;Juta, kenaf i pozostałe włókna tekstylne łykowe, surowe lub roszone, z wyłączeniem lnu, konopi i ramii Juta, kenaf i pozostałe włókna tekstylne łykowe, surowe lub roszone, z wyłączeniem lnu, konopi i ramii;Z;Zmodyfikowany;2025-03-25 19:09:40;Darek Osuch;2025-03-25 19:09:40;Darek Osuch;;
01.16.19_01.16.19;01.16.19;01.16.19;Len, konopie oraz pozostałe surowe rośliny włókniste, gdzie indziej niesklasyfikowane Len, konopie oraz pozostałe surowe rośliny włókniste, gdzie indziej niesklasyfikowane;Z;Zmodyfikowany;2025-03-25 19:13:39;Darek Osuch;2025-03-25 19:13:39;Darek Osuch;;
01.16.19.0_01.16.19.0;01.16.19.0;01.16.19.0;Len, konopie oraz pozostałe surowe rośliny włókniste, gdzie indziej niesklasyfikowane Len, konopie oraz pozostałe surowe rośliny włókniste, gdzie indziej niesklasyfikowane;Z;Zmodyfikowany;2025-03-25 19:09:40;Darek Osuch;2025-03-25 19:09:40;Darek Osuch;;
01.19_01.19;01.19;01.19;POZOSTAŁE ROŚLINY INNE NIŻ WIELOLETNIE POZOSTAŁE ROŚLINY INNE NIŻ WIELOLETNIE;Z;Zmodyfikowany;2025-03-25 19:13:37;Darek Osuch;2025-04-13 00:53:27;Darek Osuch;;
01.19.1_01.19.1;01.19.1;01.19.1;ROŚLINY PASTEWNE ROŚLINY PASTEWNE;Z;Zmodyfikowany;2025-03-25 19:13:37;Darek Osuch;2025-04-13 00:53:27;Darek Osuch;;
01.19.10_01.19.10;01.19.10;01.19.10;ROŚLINY PASTEWNE ROŚLINY PASTEWNE;Z;Zmodyfikowany;2025-03-25 19:13:39;Darek Osuch;2025-03-25 19:13:39;Darek Osuch;;
01.19.10.0_01.19.10.0;01.19.10.0;01.19.10.0;ROŚLINY PASTEWNE ROŚLINY PASTEWNE;Z;Zmodyfikowany;2025-03-25 19:09:40;Darek Osuch;2025-03-25 19:09:40;Darek Osuch;;
01.19.2_01.19.2;01.19.2;01.19.2;"KWIATY CIĘTE I PĄKI KWIATOWE; NASIONA KWIATÓW" KWIATY CIĘTE I PĄKI KWIATOWE; NASIONA KWIATÓW;Z;Zmodyfikowany;2025-03-25 19:13:37;Darek Osuch;2025-04-13 00:53:27;Darek Osuch;;
01.19.21_01.19.21;01.19.21;01.19.21;Kwiaty cięte i pąki kwiatowe Kwiaty cięte i pąki kwiatowe;Z;Zmodyfikowany;2025-03-25 19:13:39;Darek Osuch;2025-03-25 19:13:39;Darek Osuch;;
01.19.21.0_01.19.21.0;01.19.21.0;01.19.21.0;Kwiaty cięte i pąki kwiatowe Kwiaty cięte i pąki kwiatowe;Z;Zmodyfikowany;2025-03-25 19:09:40;Darek Osuch;2025-03-25 19:09:40;Darek Osuch;;
01.19.22_01.19.22;01.19.22;01.19.22;Nasiona kwiatów Nasiona kwiatów;Z;Zmodyfikowany;2025-03-25 19:13:39;Darek Osuch;2025-03-25 19:13:39;Darek Osuch;;
01.19.22.0_01.19.22.0;01.19.22.0;01.19.22.0;Nasiona kwiatów Nasiona kwiatów;Z;Zmodyfikowany;2025-03-25 19:09:40;Darek Osuch;2025-03-25 19:09:40;Darek Osuch;;
01.19.3_01.19.3;01.19.3;01.19.3;"NASIONA ROŚLIN PASTEWNYCH, WŁĄCZAJĄC NASIONA BURAKÓW PASTEWNYCH; POZOSTAŁE SUROWE PRODUKTY ROŚLINNE" NASIONA ROŚLIN PASTEWNYCH, WŁĄCZAJĄC NASIONA BURAKÓW PASTEWNYCH; POZOSTAŁE SUROWE PRODUKTY ROŚLINNE;Z;Zmodyfikowany;2025-03-25 19:13:37;Darek Osuch;2025-04-13 00:53:27;Darek Osuch;;
01.19.31_01.19.31;01.19.31;01.19.31;Nasiona roślin pastewnych, włączając nasiona buraków pastewnych Nasiona roślin pastewnych, włączając nasiona buraków pastewnych;Z;Zmodyfikowany;2025-03-25 19:13:39;Darek Osuch;2025-03-25 19:13:39;Darek Osuch;;
01.19.31.0_01.19.31.0;01.19.31.0;01.19.31.0;Nasiona roślin pastewnych, włączając nasiona buraków pastewnych Nasiona roślin pastewnych, włączając nasiona buraków pastewnych;Z;Zmodyfikowany;2025-03-25 19:09:40;Darek Osuch;2025-03-25 19:09:40;Darek Osuch;;
01.19.39_01.19.39;01.19.39;01.19.39;Pozostałe surowe produkty roślinne, gdzie indziej niesklasyfikowane Pozostałe surowe produkty roślinne, gdzie indziej niesklasyfikowane;Z;Zmodyfikowany;2025-03-25 19:13:39;Darek Osuch;2025-03-25 19:13:39;Darek Osuch;;
01.19.39.0_01.19.39.0;01.19.39.0;01.19.39.0;Pozostałe surowe produkty roślinne, gdzie indziej niesklasyfikowane Pozostałe surowe produkty roślinne, gdzie indziej niesklasyfikowane;Z;Zmodyfikowany;2025-03-25 19:09:40;Darek Osuch;2025-03-25 19:09:40;Darek Osuch;;
01.2_01.2;01.2;01.2;ROŚLINY WIELOLETNIE ROŚLINY WIELOLETNIE;Z;Zmodyfikowany;2025-03-25 19:13:37;Darek Osuch;2025-04-13 00:53:27;Darek Osuch;;
01.21_01.21;01.21;01.21;WINOGRONA WINOGRONA;Z;Zmodyfikowany;2025-03-25 19:13:37;Darek Osuch;2025-04-13 00:53:27;Darek Osuch;;
01.21.1_01.21.1;01.21.1;01.21.1;WINOGRONA WINOGRONA;Z;Zmodyfikowany;2025-03-25 19:13:37;Darek Osuch;2025-04-13 00:53:27;Darek Osuch;;
01.21.11_01.21.11;01.21.11;01.21.11;Winogrona stołowe Winogrona stołowe;Z;Zmodyfikowany;2025-03-25 19:13:39;Darek Osuch;2025-03-25 19:13:39;Darek Osuch;;
01.21.11.0_01.21.11.0;01.21.11.0;01.21.11.0;Winogrona stołowe Winogrona stołowe;Z;Zmodyfikowany;2025-03-25 19:09:40;Darek Osuch;2025-03-25 19:09:40;Darek Osuch;;
01.21.12_01.21.12;01.21.12;01.21.12;Pozostałe winogrona świeże Pozostałe winogrona świeże;Z;Zmodyfikowany;2025-03-25 19:13:39;Darek Osuch;2025-03-25 19:13:39;Darek Osuch;;
01.21.12.0_01.21.12.0;01.21.12.0;01.21.12.0;Pozostałe winogrona świeże Pozostałe winogrona świeże;Z;Zmodyfikowany;2025-03-25 19:09:40;Darek Osuch;2025-03-25 19:09:40;Darek Osuch;;
01.22_01.22;01.22;01.22;OWOCE TROPIKALNE I PODZWROTNIKOWE OWOCE TROPIKALNE I PODZWROTNIKOWE;Z;Zmodyfikowany;2025-03-25 19:13:37;Darek Osuch;2025-04-13 00:53:27;Darek Osuch;;
01.22.1_01.22.1;01.22.1;01.22.1;OWOCE TROPIKALNE I PODZWROTNIKOWE OWOCE TROPIKALNE I PODZWROTNIKOWE;Z;Zmodyfikowany;2025-03-25 19:13:37;Darek Osuch;2025-04-13 00:53:27;Darek Osuch;;
01.22.11_01.22.11;01.22.11;01.22.11;Awokado Awokado;Z;Zmodyfikowany;2025-03-25 19:13:39;Darek Osuch;2025-03-25 19:13:39;Darek Osuch;;
01.22.11.0_01.22.11.0;01.22.11.0;01.22.11.0;Awokado Awokado;Z;Zmodyfikowany;2025-03-25 19:09:40;Darek Osuch;2025-03-25 19:09:40;Darek Osuch;;
01.22.12_01.22.12;01.22.12;01.22.12;Banany, plantany itp. Banany, plantany itp.;Z;Zmodyfikowany;2025-03-25 19:13:39;Darek Osuch;2025-03-25 19:13:39;Darek Osuch;;
01.22.12.0_01.22.12.0;01.22.12.0;01.22.12.0;Banany, plantany itp. Banany, plantany itp.;Z;Zmodyfikowany;2025-03-25 19:09:40;Darek Osuch;2025-03-25 19:09:40;Darek Osuch;;
01.22.13_01.22.13;01.22.13;01.22.13;Daktyle Daktyle;Z;Zmodyfikowany;2025-03-25 19:13:39;Darek Osuch;2025-03-25 19:13:39;Darek Osuch;;
01.22.13.0_01.22.13.0;01.22.13.0;01.22.13.0;Daktyle Daktyle;Z;Zmodyfikowany;2025-03-25 19:09:40;Darek Osuch;2025-03-25 19:09:40;Darek Osuch;;
01.22.14_01.22.14;01.22.14;01.22.14;Figi Figi;Z;Zmodyfikowany;2025-03-25 19:13:39;Darek Osuch;2025-03-25 19:13:39;Darek Osuch;;
01.22.14.0_01.22.14.0;01.22.14.0;01.22.14.0;Figi Figi;Z;Zmodyfikowany;2025-03-25 19:09:40;Darek Osuch;2025-03-25 19:09:40;Darek Osuch;;
01.22.19_01.22.19;01.22.19;01.22.19;Pozostałe owoce tropikalne i podzwrotnikowe Pozostałe owoce tropikalne i podzwrotnikowe;Z;Zmodyfikowany;2025-03-25 19:13:39;Darek Osuch;2025-03-25 19:13:39;Darek Osuch;;
01.22.19.0_01.22.19.0;01.22.19.0;01.22.19.0;Pozostałe świeże owoce tropikalne i podzwrotnikowe Pozostałe świeże owoce tropikalne i podzwrotnikowe;Z;Zmodyfikowany;2025-03-25 19:09:40;Darek Osuch;2025-03-25 19:09:40;Darek Osuch;;
01.23_01.23;01.23;01.23;OWOCE CYTRUSOWE OWOCE CYTRUSOWE;Z;Zmodyfikowany;2025-03-25 19:13:37;Darek Osuch;2025-04-13 00:53:27;Darek Osuch;;
01.23.1_01.23.1;01.23.1;01.23.1;OWOCE CYTRUSOWE OWOCE CYTRUSOWE;Z;Zmodyfikowany;2025-03-25 19:13:37;Darek Osuch;2025-04-13 00:53:27;Darek Osuch;;
01.23.11_01.23.11;01.23.11;01.23.11;Pomelo i grejpfruty Pomelo i grejpfruty;Z;Zmodyfikowany;2025-03-25 19:13:39;Darek Osuch;2025-03-25 19:13:39;Darek Osuch;;
01.23.11.0_01.23.11.0;01.23.11.0;01.23.11.0;Pomelo i grejpfruty Pomelo i grejpfruty;Z;Zmodyfikowany;2025-03-25 19:09:40;Darek Osuch;2025-03-25 19:09:40;Darek Osuch;;
01.23.12_01.23.12;01.23.12;01.23.12;Cytryny i limonki Cytryny i limonki;Z;Zmodyfikowany;2025-03-25 19:13:39;Darek Osuch;2025-03-25 19:13:39;Darek Osuch;;
01.23.12.0_01.23.12.0;01.23.12.0;01.23.12.0;Cytryny i limonki Cytryny i limonki;Z;Zmodyfikowany;2025-03-25 19:09:40;Darek Osuch;2025-03-25 19:09:40;Darek Osuch;;
01.23.13_01.23.13;01.23.13;01.23.13;Pomarańcze Pomarańcze;Z;Zmodyfikowany;2025-03-25 19:13:39;Darek Osuch;2025-03-25 19:13:39;Darek Osuch;;
01.23.13.0_01.23.13.0;01.23.13.0;01.23.13.0;Pomarańcze Pomarańcze;Z;Zmodyfikowany;2025-03-25 19:09:40;Darek Osuch;2025-03-25 19:09:40;Darek Osuch;;
01.23.14_01.23.14;01.23.14;01.23.14;Mandarynki, klementynki i tangeryny Mandarynki, klementynki i tangeryny;Z;Zmodyfikowany;2025-03-25 19:13:39;Darek Osuch;2025-03-25 19:13:39;Darek Osuch;;
01.23.14.0_01.23.14.0;01.23.14.0;01.23.14.0;Mandarynki, klementynki i tangeryny Mandarynki, klementynki i tangeryny;Z;Zmodyfikowany;2025-03-25 19:09:40;Darek Osuch;2025-03-25 19:09:40;Darek Osuch;;
01.23.19_01.23.19;01.23.19;01.23.19;Pozostałe owoce cytrusowe Pozostałe owoce cytrusowe;Z;Zmodyfikowany;2025-03-25 19:13:39;Darek Osuch;2025-03-25 19:13:39;Darek Osuch;;
01.23.19.0_01.23.19.0;01.23.19.0;01.23.19.0;Pozostałe świeże owoce cytrusowe Pozostałe świeże owoce cytrusowe;Z;Zmodyfikowany;2025-03-25 19:09:40;Darek Osuch;2025-03-25 19:09:40;Darek Osuch;;
01.24_01.24;01.24;01.24;OWOCE ZIARNKOWE I PESTKOWE OWOCE ZIARNKOWE I PESTKOWE;Z;Zmodyfikowany;2025-03-25 19:13:37;Darek Osuch;2025-04-13 00:53:27;Darek Osuch;;
01.24.1_01.24.1;01.24.1;01.24.1;JABŁKA JABŁKA;Z;Zmodyfikowany;2025-03-25 19:13:37;Darek Osuch;2025-04-13 00:53:27;Darek Osuch;;
01.24.10_01.24.10;01.24.10;01.24.10;JABŁKA JABŁKA;Z;Zmodyfikowany;2025-03-25 19:13:39;Darek Osuch;2025-03-25 19:13:40;Darek Osuch;;
01.24.10.0_01.24.10.0;01.24.10.0;01.24.10.0;JABŁKA JABŁKA;Z;Zmodyfikowany;2025-03-25 19:09:40;Darek Osuch;2025-03-25 19:09:40;Darek Osuch;;
01.24.2_01.24.2;01.24.2;01.24.2;POZOSTAŁE OWOCE ZIARNKOWE I PESTKOWE POZOSTAŁE OWOCE ZIARNKOWE I PESTKOWE;Z;Zmodyfikowany;2025-03-25 19:13:37;Darek Osuch;2025-04-13 00:53:27;Darek Osuch;;
01.24.21_01.24.21;01.24.21;01.24.21;Gruszki Gruszki;Z;Zmodyfikowany;2025-03-25 19:13:40;Darek Osuch;2025-03-25 19:13:40;Darek Osuch;;
01.24.21.0_01.24.21.0;01.24.21.0;01.24.21.0;Gruszki Gruszki;Z;Zmodyfikowany;2025-03-25 19:09:40;Darek Osuch;2025-03-25 19:09:40;Darek Osuch;;
01.24.22_01.24.22;01.24.22;01.24.22;Pigwy Pigwy;Z;Zmodyfikowany;2025-03-25 19:13:40;Darek Osuch;2025-03-25 19:13:40;Darek Osuch;;
01.24.22.0_01.24.22.0;01.24.22.0;01.24.22.0;Pigwy Pigwy;Z;Zmodyfikowany;2025-03-25 19:09:40;Darek Osuch;2025-03-25 19:09:40;Darek Osuch;;
01.24.23_01.24.23;01.24.23;01.24.23;Morele Morele;Z;Zmodyfikowany;2025-03-25 19:13:40;Darek Osuch;2025-03-25 19:13:40;Darek Osuch;;
01.24.23.0_01.24.23.0;01.24.23.0;01.24.23.0;Morele Morele;Z;Zmodyfikowany;2025-03-25 19:09:40;Darek Osuch;2025-03-25 19:09:40;Darek Osuch;;
01.24.24_01.24.24;01.24.24;01.24.24;Wiśnie i czereśnie Wiśnie i czereśnie;Z;Zmodyfikowany;2025-03-25 19:13:40;Darek Osuch;2025-03-25 19:13:40;Darek Osuch;;
01.24.24.0_01.24.24.0;01.24.24.0;01.24.24.0;Wiśnie i czereśnie Wiśnie i czereśnie;Z;Zmodyfikowany;2025-03-25 19:09:40;Darek Osuch;2025-03-25 19:09:40;Darek Osuch;;
01.24.25_01.24.25;01.24.25;01.24.25;Brzoskwinie Brzoskwinie;Z;Zmodyfikowany;2025-03-25 19:13:40;Darek Osuch;2025-03-25 19:13:40;Darek Osuch;;
01.24.25.0_01.24.25.0;01.24.25.0;01.24.25.0;Brzoskwinie Brzoskwinie;Z;Zmodyfikowany;2025-03-25 19:09:40;Darek Osuch;2025-03-25 19:09:40;Darek Osuch;;
01.24.26_01.24.26;01.24.26;01.24.26;Nektaryny Nektaryny;Z;Zmodyfikowany;2025-03-25 19:13:40;Darek Osuch;2025-03-25 19:13:40;Darek Osuch;;
01.24.26.0_01.24.26.0;01.24.26.0;01.24.26.0;Nektaryny Nektaryny;Z;Zmodyfikowany;2025-03-25 19:09:40;Darek Osuch;2025-03-25 19:09:40;Darek Osuch;;
01.24.27_01.24.27;01.24.27;01.24.27;Śliwki Śliwki;Z;Zmodyfikowany;2025-03-25 19:13:40;Darek Osuch;2025-03-25 19:13:40;Darek Osuch;;
01.24.27.0_01.24.27.0;01.24.27.0;01.24.27.0;Śliwki Śliwki;Z;Zmodyfikowany;2025-03-25 19:09:40;Darek Osuch;2025-03-25 19:09:40;Darek Osuch;;
01.24.28_01.24.28;01.24.28;01.24.28;Owoce tarniny Owoce tarniny;Z;Zmodyfikowany;2025-03-25 19:13:40;Darek Osuch;2025-03-25 19:13:40;Darek Osuch;;
01.24.28.0_01.24.28.0;01.24.28.0;01.24.28.0;Owoce tarniny Owoce tarniny;Z;Zmodyfikowany;2025-03-25 19:09:40;Darek Osuch;2025-03-25 19:09:40;Darek Osuch;;
01.24.29_01.24.29;01.24.29;01.24.29;Pozostałe owoce ziarnkowe i pestkowe, gdzie indziej niesklasyfikowane Pozostałe owoce ziarnkowe i pestkowe, gdzie indziej niesklasyfikowane;Z;Zmodyfikowany;2025-03-25 19:13:40;Darek Osuch;2025-03-25 19:13:40;Darek Osuch;;
01.24.29.0_01.24.29.0;01.24.29.0;01.24.29.0;Pozostałe świeże owoce ziarnkowe i pestkowe, gdzie indziej niesklasyfikowane Pozostałe świeże owoce ziarnkowe i pestkowe, gdzie indziej niesklasyfikowane;Z;Zmodyfikowany;2025-03-25 19:09:40;Darek Osuch;2025-03-25 19:09:40;Darek Osuch;;
01.25_01.25;01.25;01.25;OWOCE ŚWIEŻE, Z POZOSTAŁYCH KRZEWÓW I DRZEW OWOCOWYCH ORAZ DRZEW ORZECHOWYCH OWOCE ŚWIEŻE, Z POZOSTAŁYCH KRZEWÓW I DRZEW OWOCOWYCH ORAZ DRZEW ORZECHOWYCH;Z;Zmodyfikowany;2025-03-25 19:13:37;Darek Osuch;2025-04-13 00:53:27;Darek Osuch;;
01.25.1_01.25.1;01.25.1;01.25.1;JAGODY I OWOCE Z RODZAJU VACCINIUM JAGODY I OWOCE Z RODZAJU VACCINIUM;Z;Zmodyfikowany;2025-03-25 19:13:37;Darek Osuch;2025-04-13 00:53:27;Darek Osuch;;
01.25.11_01.25.11;01.25.11;01.25.11;Owoce kiwi Owoce kiwi;Z;Zmodyfikowany;2025-03-25 19:13:40;Darek Osuch;2025-03-25 19:13:40;Darek Osuch;;
01.25.11.0_01.25.11.0;01.25.11.0;01.25.11.0;Owoce kiwi Owoce kiwi;Z;Zmodyfikowany;2025-03-25 19:09:40;Darek Osuch;2025-03-25 19:09:41;Darek Osuch;;
01.25.12_01.25.12;01.25.12;01.25.12;Maliny, jeżyny, morwy i owoce mieszańców malin z jeżynami Maliny, jeżyny, morwy i owoce mieszańców malin z jeżynami;Z;Zmodyfikowany;2025-03-25 19:13:40;Darek Osuch;2025-03-25 19:13:40;Darek Osuch;;
01.25.12.0_01.25.12.0;01.25.12.0;01.25.12.0;Maliny, jeżyny, morwy i owoce mieszańców malin z jeżynami Maliny, jeżyny, morwy i owoce mieszańców malin z jeżynami;Z;Zmodyfikowany;2025-03-25 19:09:41;Darek Osuch;2025-03-25 19:09:41;Darek Osuch;;
01.25.13_01.25.13;01.25.13;01.25.13;Truskawki i poziomki Truskawki i poziomki;Z;Zmodyfikowany;2025-03-25 19:13:40;Darek Osuch;2025-03-25 19:13:40;Darek Osuch;;
01.25.13.0_01.25.13.0;01.25.13.0;01.25.13.0;Truskawki i poziomki Truskawki i poziomki;Z;Zmodyfikowany;2025-03-25 19:09:41;Darek Osuch;2025-03-25 19:09:41;Darek Osuch;;
01.25.19_01.25.19;01.25.19;01.25.19;Pozostałe owoce jagodowe (np. porzeczki, agrest) i z rodzaju Vaccinium (np. żurawina, borówki czarne), świeże, gdzie indziej niesklasyfikowane Pozostałe owoce jagodowe (np. porzeczki, agrest) i z rodzaju Vaccinium (np. żurawina, borówki czarne), świeże, gdzie indziej niesklasyfikowane;Z;Zmodyfikowany;2025-03-25 19:13:40;Darek Osuch;2025-03-25 19:13:40;Darek Osuch;;
01.25.19.0_01.25.19.0;01.25.19.0;01.25.19.0;Pozostałe owoce jagodowe (np. porzeczki, agrest) i z rodzaju Vaccinium (np. żurawina, borówki czarne), świeże, gdzie indziej niesklasyfikowane Pozostałe owoce jagodowe (np. porzeczki, agrest) i z rodzaju Vaccinium (np. żurawina, borówki czarne), świeże, gdzie indziej niesklasyfikowane;Z;Zmodyfikowany;2025-03-25 19:09:41;Darek Osuch;2025-03-25 19:09:41;Darek Osuch;;
01.25.2_01.25.2;01.25.2;01.25.2;NASIONA OWOCÓW NASIONA OWOCÓW;Z;Zmodyfikowany;2025-03-25 19:13:37;Darek Osuch;2025-04-13 00:53:27;Darek Osuch;;
01.25.20_01.25.20;01.25.20;01.25.20;NASIONA OWOCÓW NASIONA OWOCÓW;Z;Zmodyfikowany;2025-03-25 19:13:40;Darek Osuch;2025-03-25 19:13:40;Darek Osuch;;
01.25.20.0_01.25.20.0;01.25.20.0;01.25.20.0;NASIONA OWOCÓW NASIONA OWOCÓW;Z;Zmodyfikowany;2025-03-25 19:09:41;Darek Osuch;2025-03-25 19:09:41;Darek Osuch;;
01.25.3_01.25.3;01.25.3;01.25.3;ORZECHY W ŁUPINACH (Z WYŁĄCZENIEM JADALNYCH ORZECHÓW DZIKO ROSNĄCYCH, ORZESZKÓW ZIEMNYCH I ORZECHÓW KOKOSOWYCH) ORZECHY W ŁUPINACH (Z WYŁĄCZENIEM JADALNYCH ORZECHÓW DZIKO ROSNĄCYCH, ORZESZKÓW ZIEMNYCH I ORZECHÓW KOKOSOWYCH);Z;Zmodyfikowany;2025-03-25 19:13:37;Darek Osuch;2025-04-13 00:53:27;Darek Osuch;;
01.25.31_01.25.31;01.25.31;01.25.31;Migdały Migdały;Z;Zmodyfikowany;2025-03-25 19:13:40;Darek Osuch;2025-03-25 19:13:40;Darek Osuch;;
01.25.31.0_01.25.31.0;01.25.31.0;01.25.31.0;Migdały Migdały;Z;Zmodyfikowany;2025-03-25 19:09:41;Darek Osuch;2025-03-25 19:09:41;Darek Osuch;;
01.25.32_01.25.32;01.25.32;01.25.32;Kasztany jadalne Kasztany jadalne;Z;Zmodyfikowany;2025-03-25 19:13:40;Darek Osuch;2025-03-25 19:13:40;Darek Osuch;;
01.25.32.0_01.25.32.0;01.25.32.0;01.25.32.0;Kasztany jadalne Kasztany jadalne;Z;Zmodyfikowany;2025-03-25 19:09:41;Darek Osuch;2025-03-25 19:09:41;Darek Osuch;;
01.25.33_01.25.33;01.25.33;01.25.33;Orzechy laskowe Orzechy laskowe;Z;Zmodyfikowany;2025-03-25 19:13:40;Darek Osuch;2025-03-25 19:13:40;Darek Osuch;;
01.25.33.0_01.25.33.0;01.25.33.0;01.25.33.0;Orzechy laskowe Orzechy laskowe;Z;Zmodyfikowany;2025-03-25 19:09:41;Darek Osuch;2025-03-25 19:09:41;Darek Osuch;;
01.25.34_01.25.34;01.25.34;01.25.34;Pistacje Pistacje;Z;Zmodyfikowany;2025-03-25 19:13:40;Darek Osuch;2025-03-25 19:13:40;Darek Osuch;;
01.25.34.0_01.25.34.0;01.25.34.0;01.25.34.0;Pistacje Pistacje;Z;Zmodyfikowany;2025-03-25 19:09:41;Darek Osuch;2025-03-25 19:09:41;Darek Osuch;;
01.25.35_01.25.35;01.25.35;01.25.35;Orzechy włoskie Orzechy włoskie;Z;Zmodyfikowany;2025-03-25 19:13:40;Darek Osuch;2025-03-25 19:13:40;Darek Osuch;;
01.25.35.0_01.25.35.0;01.25.35.0;01.25.35.0;Orzechy włoskie Orzechy włoskie;Z;Zmodyfikowany;2025-03-25 19:09:41;Darek Osuch;2025-03-25 19:09:41;Darek Osuch;;
01.25.39_01.25.39;01.25.39;01.25.39;Pozostałe orzechy w łupinach (z wyłączeniem jadalnych orzechów dziko rosnących, orzeszków ziemnych i orzechów kokosowych) Pozostałe orzechy w łupinach (z wyłączeniem jadalnych orzechów dziko rosnących, orzeszków ziemnych i orzechów kokosowych);Z;Zmodyfikowany;2025-03-25 19:13:40;Darek Osuch;2025-03-25 19:13:40;Darek Osuch;;
01.25.39.0_01.25.39.0;01.25.39.0;01.25.39.0;Pozostałe orzechy w łupinach (z wyłączeniem jadalnych orzechów dziko rosnących, orzeszków ziemnych i orzechów kokosowych) Pozostałe orzechy w łupinach (z wyłączeniem jadalnych orzechów dziko rosnących, orzeszków ziemnych i orzechów kokosowych);Z;Zmodyfikowany;2025-03-25 19:09:41;Darek Osuch;2025-03-25 19:09:41;Darek Osuch;;
01.25.9_01.25.9;01.25.9;01.25.9;POZOSTAŁE OWOCE, GDZIE INDZIEJ NIESKLASYFIKOWANE POZOSTAŁE OWOCE, GDZIE INDZIEJ NIESKLASYFIKOWANE;Z;Zmodyfikowany;2025-03-25 19:13:37;Darek Osuch;2025-04-13 00:53:27;Darek Osuch;;
01.25.90_01.25.90;01.25.90;01.25.90;POZOSTAŁE OWOCE, GDZIE INDZIEJ NIESKLASYFIKOWANE POZOSTAŁE OWOCE, GDZIE INDZIEJ NIESKLASYFIKOWANE;Z;Zmodyfikowany;2025-03-25 19:13:40;Darek Osuch;2025-03-25 19:13:40;Darek Osuch;;
01.25.90.0_01.25.90.0;01.25.90.0;01.25.90.0;POZOSTAŁE OWOCE, GDZIE INDZIEJ NIESKLASYFIKOWANE POZOSTAŁE OWOCE, GDZIE INDZIEJ NIESKLASYFIKOWANE;Z;Zmodyfikowany;2025-03-25 19:09:41;Darek Osuch;2025-03-25 19:09:41;Darek Osuch;;
01.26_01.26;01.26;01.26;OWOCE OLEISTE OWOCE OLEISTE;Z;Zmodyfikowany;2025-03-25 19:13:37;Darek Osuch;2025-04-13 00:53:27;Darek Osuch;;
01.26.1_01.26.1;01.26.1;01.26.1;OLIWKI OLIWKI;Z;Zmodyfikowany;2025-03-25 19:13:37;Darek Osuch;2025-04-13 00:53:27;Darek Osuch;;
01.26.11_01.26.11;01.26.11;01.26.11;Oliwki stołowe Oliwki stołowe;Z;Zmodyfikowany;2025-03-25 19:13:40;Darek Osuch;2025-03-25 19:13:40;Darek Osuch;;
01.26.11.0_01.26.11.0;01.26.11.0;01.26.11.0;Oliwki stołowe Oliwki stołowe;Z;Zmodyfikowany;2025-03-25 19:09:41;Darek Osuch;2025-03-25 19:09:41;Darek Osuch;;
01.26.12_01.26.12;01.26.12;01.26.12;Oliwki do produkcji oliwy Oliwki do produkcji oliwy;Z;Zmodyfikowany;2025-03-25 19:13:40;Darek Osuch;2025-03-25 19:13:40;Darek Osuch;;
01.26.12.0_01.26.12.0;01.26.12.0;01.26.12.0;Oliwki do produkcji oliwy Oliwki do produkcji oliwy;Z;Zmodyfikowany;2025-03-25 19:09:41;Darek Osuch;2025-03-25 19:09:41;Darek Osuch;;
01.26.2_01.26.2;01.26.2;01.26.2;ORZECHY KOKOSOWE ORZECHY KOKOSOWE;Z;Zmodyfikowany;2025-03-25 19:13:37;Darek Osuch;2025-04-13 00:53:27;Darek Osuch;;
01.26.20_01.26.20;01.26.20;01.26.20;ORZECHY KOKOSOWE ORZECHY KOKOSOWE;Z;Zmodyfikowany;2025-03-25 19:13:40;Darek Osuch;2025-03-25 19:13:40;Darek Osuch;;
01.26.20.0_01.26.20.0;01.26.20.0;01.26.20.0;ORZECHY KOKOSOWE ORZECHY KOKOSOWE;Z;Zmodyfikowany;2025-03-25 19:09:41;Darek Osuch;2025-03-25 19:09:41;Darek Osuch;;
01.26.9_01.26.9;01.26.9;01.26.9;POZOSTAŁE OWOCE OLEISTE, GDZIE INDZIEJ NIESKLASYFIKOWANE POZOSTAŁE OWOCE OLEISTE, GDZIE INDZIEJ NIESKLASYFIKOWANE;Z;Zmodyfikowany;2025-03-25 19:13:37;Darek Osuch;2025-04-13 00:53:27;Darek Osuch;;
01.26.90_01.26.90;01.26.90;01.26.90;POZOSTAŁE OWOCE OLEISTE, GDZIE INDZIEJ NIESKLASYFIKOWANE POZOSTAŁE OWOCE OLEISTE, GDZIE INDZIEJ NIESKLASYFIKOWANE;Z;Zmodyfikowany;2025-03-25 19:13:40;Darek Osuch;2025-03-25 19:13:40;Darek Osuch;;
01.26.90.0_01.26.90.0;01.26.90.0;01.26.90.0;POZOSTAŁE OWOCE OLEISTE, GDZIE INDZIEJ NIESKLASYFIKOWANE POZOSTAŁE OWOCE OLEISTE, GDZIE INDZIEJ NIESKLASYFIKOWANE;Z;Zmodyfikowany;2025-03-25 19:09:41;Darek Osuch;2025-03-25 19:09:41;Darek Osuch;;
01.27_01.27;01.27;01.27;ROŚLINY WYKORZYSTYWANE DO PRODUKCJI NAPOJÓW ROŚLINY WYKORZYSTYWANE DO PRODUKCJI NAPOJÓW;Z;Zmodyfikowany;2025-03-25 19:13:37;Darek Osuch;2025-04-13 00:53:27;Darek Osuch;;
01.27.1_01.27.1;01.27.1;01.27.1;ROŚLINY WYKORZYSTYWANE DO PRODUKCJI NAPOJÓW ROŚLINY WYKORZYSTYWANE DO PRODUKCJI NAPOJÓW;Z;Zmodyfikowany;2025-03-25 19:13:37;Darek Osuch;2025-04-13 00:53:27;Darek Osuch;;
01.27.11_01.27.11;01.27.11;01.27.11;Kawa niepalona Kawa niepalona;Z;Zmodyfikowany;2025-03-25 19:13:40;Darek Osuch;2025-03-25 19:13:40;Darek Osuch;;
01.27.11.0_01.27.11.0;01.27.11.0;01.27.11.0;Kawa niepalona Kawa niepalona;Z;Zmodyfikowany;2025-03-25 19:09:41;Darek Osuch;2025-03-25 19:09:41;Darek Osuch;;
01.27.12_01.27.12;01.27.12;01.27.12;Herbata Herbata;Z;Zmodyfikowany;2025-03-25 19:13:40;Darek Osuch;2025-03-25 19:13:40;Darek Osuch;;
01.27.12.0_01.27.12.0;01.27.12.0;01.27.12.0;Herbata Herbata;Z;Zmodyfikowany;2025-03-25 19:09:41;Darek Osuch;2025-03-25 19:09:41;Darek Osuch;;
01.27.13_01.27.13;01.27.13;01.27.13;Maté (herbata paragwajska) Maté (herbata paragwajska);Z;Zmodyfikowany;2025-03-25 19:13:40;Darek Osuch;2025-03-25 19:13:40;Darek Osuch;;
01.27.13.0_01.27.13.0;01.27.13.0;01.27.13.0;Maté (herbata paragwajska) Maté (herbata paragwajska);Z;Zmodyfikowany;2025-03-25 19:09:41;Darek Osuch;2025-03-25 19:09:41;Darek Osuch;;
01.27.14_01.27.14;01.27.14;01.27.14;Ziarna kakao Ziarna kakao;Z;Zmodyfikowany;2025-03-25 19:13:40;Darek Osuch;2025-03-25 19:13:40;Darek Osuch;;
01.27.14.0_01.27.14.0;01.27.14.0;01.27.14.0;Ziarna kakao Ziarna kakao;Z;Zmodyfikowany;2025-03-25 19:09:41;Darek Osuch;2025-03-25 19:09:41;Darek Osuch;;
01.28_01.28;01.28;01.28;ROŚLINY PRZYPRAWOWE I AROMATYCZNE ORAZ ROŚLINY WYKORZYSTYWANE DO PRODUKCJI LEKÓW I WYROBÓW FARMACEUTYCZNYCH ROŚLINY PRZYPRAWOWE I AROMATYCZNE ORAZ ROŚLINY WYKORZYSTYWANE DO PRODUKCJI LEKÓW I WYROBÓW FARMACEUTYCZNYCH;Z;Zmodyfikowany;2025-03-25 19:13:37;Darek Osuch;2025-04-13 00:53:27;Darek Osuch;;
01.28.1_01.28.1;01.28.1;01.28.1;ROŚLINY PRZYPRAWOWE I AROMATYCZNE NIEPRZETWORZONE ROŚLINY PRZYPRAWOWE I AROMATYCZNE NIEPRZETWORZONE;Z;Zmodyfikowany;2025-03-25 19:13:37;Darek Osuch;2025-04-13 00:53:27;Darek Osuch;;
01.28.11_01.28.11;01.28.11;01.28.11;Pieprz surowy z rodzaju Piper Pieprz surowy z rodzaju Piper;Z;Zmodyfikowany;2025-03-25 19:13:40;Darek Osuch;2025-03-25 19:13:40;Darek Osuch;;
01.28.11.0_01.28.11.0;01.28.11.0;01.28.11.0;Pieprz surowy z rodzaju Piper Pieprz surowy z rodzaju Piper;Z;Zmodyfikowany;2025-03-25 19:09:41;Darek Osuch;2025-03-25 19:09:41;Darek Osuch;;
01.28.12_01.28.12;01.28.12;01.28.12;Chili i słodka papryka (z rodzaju Capsicum), surowe, suszone Chili i słodka papryka (z rodzaju Capsicum), surowe, suszone;Z;Zmodyfikowany;2025-03-25 19:13:40;Darek Osuch;2025-03-25 19:13:41;Darek Osuch;;
01.28.12.0_01.28.12.0;01.28.12.0;01.28.12.0;Chili i słodka papryka (z rodzaju Capsicum), surowe, suszone Chili i słodka papryka (z rodzaju Capsicum), surowe, suszone;Z;Zmodyfikowany;2025-03-25 19:09:41;Darek Osuch;2025-03-25 19:09:41;Darek Osuch;;
01.28.13_01.28.13;01.28.13;01.28.13;Gałka muszkatołowa, kwiat muszkatołowy i kardamon, surowe Gałka muszkatołowa, kwiat muszkatołowy i kardamon, surowe;Z;Zmodyfikowany;2025-03-25 19:13:41;Darek Osuch;2025-03-25 19:13:41;Darek Osuch;;
01.28.13.0_01.28.13.0;01.28.13.0;01.28.13.0;Gałka muszkatołowa, kwiat muszkatołowy i kardamon, surowe Gałka muszkatołowa, kwiat muszkatołowy i kardamon, surowe;Z;Zmodyfikowany;2025-03-25 19:09:41;Darek Osuch;2025-03-25 19:09:41;Darek Osuch;;
01.28.14_01.28.14;01.28.14;01.28.14;Anyż, badian, kolendra, kmin, kminek, koper i jagody jałowca, surowe Anyż, badian, kolendra, kmin, kminek, koper i jagody jałowca, surowe;Z;Zmodyfikowany;2025-03-25 19:13:41;Darek Osuch;2025-03-25 19:13:41;Darek Osuch;;
01.28.14.0_01.28.14.0;01.28.14.0;01.28.14.0;Anyż, badian, kolendra, kmin, kminek, koper i jagody jałowca, surowe Anyż, badian, kolendra, kmin, kminek, koper i jagody jałowca, surowe;Z;Zmodyfikowany;2025-03-25 19:09:41;Darek Osuch;2025-03-25 19:09:41;Darek Osuch;;
01.28.15_01.28.15;01.28.15;01.28.15;Cynamon surowy i kwiaty cynamonowca Cynamon surowy i kwiaty cynamonowca;Z;Zmodyfikowany;2025-03-25 19:13:41;Darek Osuch;2025-03-25 19:13:41;Darek Osuch;;
01.28.15.0_01.28.15.0;01.28.15.0;01.28.15.0;Cynamon surowy i kwiaty cynamonowca Cynamon surowy i kwiaty cynamonowca;Z;Zmodyfikowany;2025-03-25 19:09:41;Darek Osuch;2025-03-25 19:09:41;Darek Osuch;;
01.28.16_01.28.16;01.28.16;01.28.16;Goździki (całe owoce, kwiaty i szypułki) surowe Goździki (całe owoce, kwiaty i szypułki) surowe;Z;Zmodyfikowany;2025-03-25 19:13:41;Darek Osuch;2025-03-25 19:13:41;Darek Osuch;;
01.28.16.0_01.28.16.0;01.28.16.0;01.28.16.0;Goździki (całe owoce, kwiaty i szypułki) surowe Goździki (całe owoce, kwiaty i szypułki) surowe;Z;Zmodyfikowany;2025-03-25 19:09:41;Darek Osuch;2025-03-25 19:09:41;Darek Osuch;;
01.28.17_01.28.17;01.28.17;01.28.17;Imbir surowy, suszony Imbir surowy, suszony;Z;Zmodyfikowany;2025-03-25 19:13:41;Darek Osuch;2025-03-25 19:13:41;Darek Osuch;;
01.28.17.0_01.28.17.0;01.28.17.0;01.28.17.0;Imbir surowy, suszony Imbir surowy, suszony;Z;Zmodyfikowany;2025-03-25 19:09:41;Darek Osuch;2025-03-25 19:09:41;Darek Osuch;;
01.28.18_01.28.18;01.28.18;01.28.18;Wanilia surowa Wanilia surowa;Z;Zmodyfikowany;2025-03-25 19:13:41;Darek Osuch;2025-03-25 19:13:41;Darek Osuch;;
01.28.18.0_01.28.18.0;01.28.18.0;01.28.18.0;Wanilia surowa Wanilia surowa;Z;Zmodyfikowany;2025-03-25 19:09:41;Darek Osuch;2025-03-25 19:09:41;Darek Osuch;;
01.28.19_01.28.19;01.28.19;01.28.19;Pozostałe nieprzetworzone rośliny przyprawowe i aromatyczne Pozostałe nieprzetworzone rośliny przyprawowe i aromatyczne;Z;Zmodyfikowany;2025-03-25 19:13:41;Darek Osuch;2025-03-25 19:13:41;Darek Osuch;;
01.28.19.0_01.28.19.0;01.28.19.0;01.28.19.0;Pozostałe nieprzetworzone rośliny przyprawowe i aromatyczne Pozostałe nieprzetworzone rośliny przyprawowe i aromatyczne;Z;Zmodyfikowany;2025-03-25 19:09:41;Darek Osuch;2025-03-25 19:09:41;Darek Osuch;;
01.28.2_01.28.2;01.28.2;01.28.2;Szyszki chmielowe Szyszki chmielowe;Z;Zmodyfikowany;2025-03-25 19:13:37;Darek Osuch;2025-04-13 00:53:27;Darek Osuch;;
01.28.20_01.28.20;01.28.20;01.28.20;Szyszki chmielowe Szyszki chmielowe;Z;Zmodyfikowany;2025-03-25 19:13:41;Darek Osuch;2025-03-25 19:13:41;Darek Osuch;;
01.28.20.0_01.28.20.0;01.28.20.0;01.28.20.0;Szyszki chmielowe Szyszki chmielowe;Z;Zmodyfikowany;2025-03-25 19:09:41;Darek Osuch;2025-03-25 19:09:41;Darek Osuch;;
01.28.3_01.28.3;01.28.3;01.28.3;Rośliny wykorzystywane głównie w przemyśle perfumeryjnym, farmacji lub dla celów owadobójczych, grzybobójczych i innych podobnych Rośliny wykorzystywane głównie w przemyśle perfumeryjnym, farmacji lub dla celów owadobójczych, grzybobójczych i innych podobnych;Z;Zmodyfikowany;2025-03-25 19:13:37;Darek Osuch;2025-04-13 00:53:27;Darek Osuch;;
01.28.30_01.28.30;01.28.30;01.28.30;Rośliny wykorzystywane głównie w przemyśle perfumeryjnym, farmacji lub dla celów owadobójczych, grzybobójczych i innych podobnych Rośliny wykorzystywane głównie w przemyśle perfumeryjnym, farmacji lub dla celów owadobójczych, grzybobójczych i innych podobnych;Z;Zmodyfikowany;2025-03-25 19:13:41;Darek Osuch;2025-03-25 19:13:41;Darek Osuch;;
01.28.30.0_01.28.30.0;01.28.30.0;01.28.30.0;Rośliny wykorzystywane głównie w przemyśle perfumeryjnym, farmacji lub dla celów owadobójczych, grzybobójczych i innych podobnych Rośliny wykorzystywane głównie w przemyśle perfumeryjnym, farmacji lub dla celów owadobójczych, grzybobójczych i innych podobnych;Z;Zmodyfikowany;2025-03-25 19:09:41;Darek Osuch;2025-03-25 19:09:41;Darek Osuch;;
01.29_01.29;01.29;01.29;POZOSTAŁE ROŚLINY WIELOLETNIE POZOSTAŁE ROŚLINY WIELOLETNIE;Z;Zmodyfikowany;2025-03-25 19:13:37;Darek Osuch;2025-04-13 00:53:27;Darek Osuch;;
01.29.1_01.29.1;01.29.1;01.29.1;Kauczuk naturalny Kauczuk naturalny;Z;Zmodyfikowany;2025-03-25 19:13:37;Darek Osuch;2025-04-13 00:53:27;Darek Osuch;;
01.29.10_01.29.10;01.29.10;01.29.10;Kauczuk naturalny Kauczuk naturalny;Z;Zmodyfikowany;2025-03-25 19:13:41;Darek Osuch;2025-03-25 19:13:41;Darek Osuch;;
01.29.10.0_01.29.10.0;01.29.10.0;01.29.10.0;Kauczuk naturalny Kauczuk naturalny;Z;Zmodyfikowany;2025-03-25 19:09:41;Darek Osuch;2025-03-25 19:09:42;Darek Osuch;;
01.29.2_01.29.2;01.29.2;01.29.2;Choinki świąteczne cięte Choinki świąteczne cięte;Z;Zmodyfikowany;2025-03-25 19:13:37;Darek Osuch;2025-04-13 00:53:27;Darek Osuch;;
01.29.20_01.29.20;01.29.20;01.29.20;Choinki świąteczne cięte Choinki świąteczne cięte;Z;Zmodyfikowany;2025-03-25 19:13:41;Darek Osuch;2025-03-25 19:13:41;Darek Osuch;;
01.29.20.0_01.29.20.0;01.29.20.0;01.29.20.0;Choinki świąteczne cięte Choinki świąteczne cięte;Z;Zmodyfikowany;2025-03-25 19:09:42;Darek Osuch;2025-03-25 19:09:42;Darek Osuch;;
01.29.3_01.29.3;01.29.3;01.29.3;Materiały roślinne w rodzaju stosowanych głównie do wyplatania, wyściełania, wypychania lub w farbowaniu lub garbowaniu Materiały roślinne w rodzaju stosowanych głównie do wyplatania, wyściełania, wypychania lub w farbowaniu lub garbowaniu;Z;Zmodyfikowany;2025-03-25 19:13:37;Darek Osuch;2025-04-13 00:53:27;Darek Osuch;;
01.29.30_01.29.30;01.29.30;01.29.30;Materiały roślinne w rodzaju stosowanych głównie do wyplatania, wyściełania, wypychania lub w farbowaniu lub garbowaniu Materiały roślinne w rodzaju stosowanych głównie do wyplatania, wyściełania, wypychania lub w farbowaniu lub garbowaniu;Z;Zmodyfikowany;2025-03-25 19:13:41;Darek Osuch;2025-03-25 19:13:41;Darek Osuch;;
01.29.30.0_01.29.30.0;01.29.30.0;01.29.30.0;Materiały roślinne w rodzaju stosowanych głównie do wyplatania, wyściełania, wypychania lub w farbowaniu lub garbowaniu Materiały roślinne w rodzaju stosowanych głównie do wyplatania, wyściełania, wypychania lub w farbowaniu lub garbowaniu;Z;Zmodyfikowany;2025-03-25 19:09:42;Darek Osuch;2025-03-25 19:09:42;Darek Osuch;;
01.3_01.3;01.3;01.3;"Materiał nasadzeniowy: rośliny żywe, cebulki, bulwy i korzenie, sadzonki i szczepy; grzybnia" Materiał nasadzeniowy: rośliny żywe, cebulki, bulwy i korzenie, sadzonki i szczepy; grzybnia;Z;Zmodyfikowany;2025-03-25 19:13:37;Darek Osuch;2025-04-13 00:53:27;Darek Osuch;;
01.30_01.30;01.30;01.30;"Materiał nasadzeniowy: rośliny żywe, cebulki, bulwy i korzenie, sadzonki i szczepy; grzybnia" Materiał nasadzeniowy: rośliny żywe, cebulki, bulwy i korzenie, sadzonki i szczepy; grzybnia;Z;Zmodyfikowany;2025-03-25 19:13:37;Darek Osuch;2025-04-13 00:53:27;Darek Osuch;;
01.30.1_01.30.1;01.30.1;01.30.1;"Materiał nasadzeniowy: rośliny żywe, cebulki, bulwy i korzenie, sadzonki i szczepy; grzybnia" Materiał nasadzeniowy: rośliny żywe, cebulki, bulwy i korzenie, sadzonki i szczepy; grzybnia;Z;Zmodyfikowany;2025-03-25 19:13:37;Darek Osuch;2025-04-13 00:53:27;Darek Osuch;;
01.30.10_01.30.10;01.30.10;01.30.10;"Materiał nasadzeniowy: rośliny żywe, cebulki, bulwy i korzenie, sadzonki i szczepy; grzybnia" Materiał nasadzeniowy: rośliny żywe, cebulki, bulwy i korzenie, sadzonki i szczepy; grzybnia;Z;Zmodyfikowany;2025-03-25 19:13:41;Darek Osuch;2025-03-25 19:13:41;Darek Osuch;;
01.30.10.0_01.30.10.0;01.30.10.0;01.30.10.0;"Materiał nasadzeniowy: rośliny żywe, cebulki, bulwy i korzenie, sadzonki i szczepy; grzybnia" Materiał nasadzeniowy: rośliny żywe, cebulki, bulwy i korzenie, sadzonki i szczepy; grzybnia;Z;Zmodyfikowany;2025-03-25 19:09:42;Darek Osuch;2025-03-25 19:09:42;Darek Osuch;;
